{
  "request_menu": {
    "precision": 0.8787878787878788,
    "recall": 0.9666666666666667,
    "f1-score": 0.9206349206349207,
    "support": 30,
    "confused_with": {
      "out_of_scope": 1
    }
  },
  "stop": {
    "precision": 0.9166666666666666,
    "recall": 0.7857142857142857,
    "f1-score": 0.8461538461538461,
    "support": 28,
    "confused_with": {
      "deny": 2,
      "bot_challenge": 1
    }
  },
  "inform_cuisine": {
    "precision": 0.92,
    "recall": 0.7666666666666667,
    "f1-score": 0.8363636363636363,
    "support": 30,
    "confused_with": {
      "request_cuisines": 5,
      "thank_you": 1
    }
  },
  "inform_permanent_language": {
    "precision": 0.9666666666666667,
    "recall": 1.0,
    "f1-score": 0.983050847457627,
    "support": 29,
    "confused_with": {}
  },
  "inform_user_email": {
    "precision": 1.0,
    "recall": 1.0,
    "f1-score": 1.0,
    "support": 24,
    "confused_with": {}
  },
  "inform_time": {
    "precision": 1.0,
    "recall": 0.9666666666666667,
    "f1-score": 0.983050847457627,
    "support": 30,
    "confused_with": {
      "inform_cuisine": 1
    }
  },
  "goodbye": {
    "precision": 0.8076923076923077,
    "recall": 0.7777777777777778,
    "f1-score": 0.7924528301886792,
    "support": 27,
    "confused_with": {
      "affirm": 2,
      "thank_you": 1
    }
  },
  "request_opening_hours": {
    "precision": 0.9666666666666667,
    "recall": 0.9666666666666667,
    "f1-score": 0.9666666666666667,
    "support": 30,
    "confused_with": {
      "request_ambiance": 1
    }
  },
  "deny": {
    "precision": 0.8387096774193549,
    "recall": 0.896551724137931,
    "f1-score": 0.8666666666666666,
    "support": 29,
    "confused_with": {
      "affirm": 1,
      "thank_you": 1
    }
  },
  "request_ambiance": {
    "precision": 0.9032258064516129,
    "recall": 0.9333333333333333,
    "f1-score": 0.9180327868852459,
    "support": 30,
    "confused_with": {
      "request_opening_hours": 1,
      "request_login_form": 1
    }
  },
  "affirm": {
    "precision": 0.8571428571428571,
    "recall": 0.7894736842105263,
    "f1-score": 0.8219178082191781,
    "support": 38,
    "confused_with": {
      "deny": 3,
      "goodbye": 3
    }
  },
  "view_bookings": {
    "precision": 0.9333333333333333,
    "recall": 0.9655172413793104,
    "f1-score": 0.9491525423728815,
    "support": 29,
    "confused_with": {
      "user_wants_to_change_restaurant_booking": 1
    }
  },
  "request_user_registration_form": {
    "precision": 0.9642857142857143,
    "recall": 1.0,
    "f1-score": 0.9818181818181818,
    "support": 27,
    "confused_with": {}
  },
  "greet": {
    "precision": 0.88,
    "recall": 0.8148148148148148,
    "f1-score": 0.8461538461538461,
    "support": 27,
    "confused_with": {
      "affirm": 2,
      "request_login_form": 1
    }
  },
  "inform_num_people": {
    "precision": 0.9354838709677419,
    "recall": 0.9666666666666667,
    "f1-score": 0.9508196721311476,
    "support": 30,
    "confused_with": {
      "bot_challenge": 1
    }
  },
  "bot_challenge": {
    "precision": 0.7586206896551724,
    "recall": 0.88,
    "f1-score": 0.8148148148148148,
    "support": 25,
    "confused_with": {
      "greet": 1,
      "inform_permanent_language": 1
    }
  },
  "request_cuisines": {
    "precision": 0.7878787878787878,
    "recall": 0.8666666666666667,
    "f1-score": 0.8253968253968254,
    "support": 30,
    "confused_with": {
      "request_menu": 4
    }
  },
  "out_of_scope": {
    "precision": 0.8235294117647058,
    "recall": 0.6363636363636364,
    "f1-score": 0.717948717948718,
    "support": 22,
    "confused_with": {
      "bot_challenge": 4,
      "inform_cuisine": 1
    }
  },
  "user_wants_to_change_restaurant_booking": {
    "precision": 0.9666666666666667,
    "recall": 1.0,
    "f1-score": 0.983050847457627,
    "support": 29,
    "confused_with": {}
  },
  "user_wants_to_cancel_booking": {
    "precision": 1.0,
    "recall": 1.0,
    "f1-score": 1.0,
    "support": 29,
    "confused_with": {}
  },
  "request_restaurants": {
    "precision": 0.9642857142857143,
    "recall": 0.9310344827586207,
    "f1-score": 0.9473684210526316,
    "support": 29,
    "confused_with": {
      "view_bookings": 1,
      "out_of_scope": 1
    }
  },
  "request_login_form": {
    "precision": 0.896551724137931,
    "recall": 1.0,
    "f1-score": 0.9454545454545454,
    "support": 26,
    "confused_with": {}
  },
  "inform_user_name": {
    "precision": 0.9230769230769231,
    "recall": 1.0,
    "f1-score": 0.9600000000000001,
    "support": 24,
    "confused_with": {}
  },
  "thank_you": {
    "precision": 0.8214285714285714,
    "recall": 0.7931034482758621,
    "f1-score": 0.8070175438596492,
    "support": 29,
    "confused_with": {
      "goodbye": 2,
      "inform_user_name": 1
    }
  },
  "inform_user_password": {
    "precision": 1.0,
    "recall": 0.96,
    "f1-score": 0.9795918367346939,
    "support": 25,
    "confused_with": {
      "inform_num_people": 1
    }
  },
  "logout": {
    "precision": 1.0,
    "recall": 1.0,
    "f1-score": 1.0,
    "support": 20,
    "confused_with": {}
  },
  "inform_date": {
    "precision": 0.967741935483871,
    "recall": 1.0,
    "f1-score": 0.9836065573770492,
    "support": 30,
    "confused_with": {}
  },
  "accuracy": 0.9126984126984127,
  "macro avg": {
    "precision": 0.9140163655725609,
    "recall": 0.9134697936580037,
    "f1-score": 0.9121179707135817,
    "support": 756
  },
  "weighted avg": {
    "precision": 0.9132593039212203,
    "recall": 0.9126984126984127,
    "f1-score": 0.911433291567384,
    "support": 756
  },
  "micro avg": {
    "precision": 0.9126984126984127,
    "recall": 0.9126984126984127,
    "f1-score": 0.9126984126984127,
    "support": 756
  }
}