{
  "view_bookings": {
    "precision": 0.8787878787878788,
    "recall": 1.0,
    "f1-score": 0.9354838709677419,
    "support": 29,
    "confused_with": {}
  },
  "affirm": {
    "precision": 0.8292682926829268,
    "recall": 0.8947368421052632,
    "f1-score": 0.860759493670886,
    "support": 38,
    "confused_with": {
      "deny": 2,
      "goodbye": 1
    }
  },
  "inform_cuisine": {
    "precision": 1.0,
    "recall": 0.9,
    "f1-score": 0.9473684210526316,
    "support": 30,
    "confused_with": {
      "request_cuisines": 2,
      "inform_user_name": 1
    }
  },
  "logout": {
    "precision": 0.9523809523809523,
    "recall": 1.0,
    "f1-score": 0.975609756097561,
    "support": 20,
    "confused_with": {}
  },
  "inform_user_email": {
    "precision": 1.0,
    "recall": 1.0,
    "f1-score": 1.0,
    "support": 24,
    "confused_with": {}
  },
  "request_opening_hours": {
    "precision": 0.8571428571428571,
    "recall": 1.0,
    "f1-score": 0.923076923076923,
    "support": 30,
    "confused_with": {}
  },
  "request_menu": {
    "precision": 0.8620689655172413,
    "recall": 0.8333333333333334,
    "f1-score": 0.847457627118644,
    "support": 30,
    "confused_with": {
      "request_opening_hours": 2,
      "stop": 1
    }
  },
  "request_restaurants": {
    "precision": 1.0,
    "recall": 0.8620689655172413,
    "f1-score": 0.9259259259259259,
    "support": 29,
    "confused_with": {
      "logout": 1,
      "inform_date": 1
    }
  },
  "stop": {
    "precision": 0.8461538461538461,
    "recall": 0.7857142857142857,
    "f1-score": 0.8148148148148148,
    "support": 28,
    "confused_with": {
      "deny": 4,
      "request_user_registration_form": 1
    }
  },
  "user_wants_to_cancel_booking": {
    "precision": 1.0,
    "recall": 0.9655172413793104,
    "f1-score": 0.9824561403508771,
    "support": 29,
    "confused_with": {
      "request_cuisines": 1
    }
  },
  "request_user_registration_form": {
    "precision": 0.9310344827586207,
    "recall": 1.0,
    "f1-score": 0.9642857142857143,
    "support": 27,
    "confused_with": {}
  },
  "out_of_scope": {
    "precision": 0.7368421052631579,
    "recall": 0.6363636363636364,
    "f1-score": 0.6829268292682926,
    "support": 22,
    "confused_with": {
      "view_bookings": 2,
      "request_ambiance": 2
    }
  },
  "request_login_form": {
    "precision": 0.9285714285714286,
    "recall": 1.0,
    "f1-score": 0.962962962962963,
    "support": 26,
    "confused_with": {}
  },
  "user_wants_to_change_restaurant_booking": {
    "precision": 0.9655172413793104,
    "recall": 0.9655172413793104,
    "f1-score": 0.9655172413793104,
    "support": 29,
    "confused_with": {
      "view_bookings": 1
    }
  },
  "inform_user_name": {
    "precision": 0.7333333333333333,
    "recall": 0.9166666666666666,
    "f1-score": 0.8148148148148148,
    "support": 24,
    "confused_with": {
      "goodbye": 1,
      "greet": 1
    }
  },
  "inform_user_password": {
    "precision": 1.0,
    "recall": 0.96,
    "f1-score": 0.9795918367346939,
    "support": 25,
    "confused_with": {
      "inform_date": 1
    }
  },
  "deny": {
    "precision": 0.7272727272727273,
    "recall": 0.8275862068965517,
    "f1-score": 0.7741935483870968,
    "support": 29,
    "confused_with": {
      "stop": 2,
      "affirm": 1
    }
  },
  "inform_date": {
    "precision": 0.8787878787878788,
    "recall": 0.9666666666666667,
    "f1-score": 0.9206349206349207,
    "support": 30,
    "confused_with": {
      "user_wants_to_change_restaurant_booking": 1
    }
  },
  "inform_permanent_language": {
    "precision": 1.0,
    "recall": 0.9655172413793104,
    "f1-score": 0.9824561403508771,
    "support": 29,
    "confused_with": {
      "inform_user_name": 1
    }
  },
  "goodbye": {
    "precision": 0.8333333333333334,
    "recall": 0.7407407407407407,
    "f1-score": 0.7843137254901961,
    "support": 27,
    "confused_with": {
      "affirm": 2,
      "deny": 1
    }
  },
  "bot_challenge": {
    "precision": 0.9473684210526315,
    "recall": 0.72,
    "f1-score": 0.8181818181818181,
    "support": 25,
    "confused_with": {
      "out_of_scope": 3,
      "inform_user_name": 2
    }
  },
  "inform_time": {
    "precision": 1.0,
    "recall": 1.0,
    "f1-score": 1.0,
    "support": 30,
    "confused_with": {}
  },
  "greet": {
    "precision": 0.8636363636363636,
    "recall": 0.7037037037037037,
    "f1-score": 0.7755102040816326,
    "support": 27,
    "confused_with": {
      "affirm": 3,
      "deny": 2
    }
  },
  "inform_num_people": {
    "precision": 1.0,
    "recall": 0.9666666666666667,
    "f1-score": 0.983050847457627,
    "support": 30,
    "confused_with": {
      "inform_user_name": 1
    }
  },
  "request_ambiance": {
    "precision": 0.90625,
    "recall": 0.9666666666666667,
    "f1-score": 0.9354838709677419,
    "support": 30,
    "confused_with": {
      "request_login_form": 1
    }
  },
  "request_cuisines": {
    "precision": 0.8484848484848485,
    "recall": 0.9333333333333333,
    "f1-score": 0.888888888888889,
    "support": 30,
    "confused_with": {
      "request_menu": 1,
      "out_of_scope": 1
    }
  },
  "thank_you": {
    "precision": 1.0,
    "recall": 0.8620689655172413,
    "f1-score": 0.9259259259259259,
    "support": 29,
    "confused_with": {
      "view_bookings": 1,
      "stop": 1
    }
  },
  "accuracy": 0.9047619047619048,
  "macro avg": {
    "precision": 0.9083790724644198,
    "recall": 0.9026988297788862,
    "f1-score": 0.9026552689958711,
    "support": 756
  },
  "weighted avg": {
    "precision": 0.9087349507582637,
    "recall": 0.9047619047619048,
    "f1-score": 0.9039600598823907,
    "support": 756
  },
  "micro avg": {
    "precision": 0.9047619047619048,
    "recall": 0.9047619047619048,
    "f1-score": 0.9047619047619048,
    "support": 756
  }
}