{
  "stop": {
    "precision": 0.8148148148148148,
    "recall": 0.7857142857142857,
    "f1-score": 0.7999999999999999,
    "support": 28,
    "confused_with": {
      "user_wants_to_cancel_booking": 1,
      "thank_you": 1
    }
  },
  "affirm": {
    "precision": 0.825,
    "recall": 0.8461538461538461,
    "f1-score": 0.8354430379746836,
    "support": 39,
    "confused_with": {
      "deny": 2,
      "stop": 1
    }
  },
  "request_ambiance": {
    "precision": 0.8285714285714286,
    "recall": 0.9666666666666667,
    "f1-score": 0.8923076923076922,
    "support": 30,
    "confused_with": {
      "request_login_form": 1
    }
  },
  "inform_cuisine": {
    "precision": 0.8928571428571429,
    "recall": 0.8333333333333334,
    "f1-score": 0.8620689655172413,
    "support": 30,
    "confused_with": {
      "view_bookings": 1,
      "deny": 1
    }
  },
  "request_menu": {
    "precision": 0.9032258064516129,
    "recall": 0.9333333333333333,
    "f1-score": 0.9180327868852459,
    "support": 30,
    "confused_with": {
      "request_opening_hours": 1,
      "request_cuisines": 1
    }
  },
  "view_bookings": {
    "precision": 0.8181818181818182,
    "recall": 0.9310344827586207,
    "f1-score": 0.8709677419354839,
    "support": 29,
    "confused_with": {
      "user_wants_to_change_restaurant_booking": 2
    }
  },
  "user_wants_to_cancel_booking": {
    "precision": 0.9666666666666667,
    "recall": 1.0,
    "f1-score": 0.983050847457627,
    "support": 29,
    "confused_with": {}
  },
  "inform_num_people": {
    "precision": 0.9310344827586207,
    "recall": 0.9,
    "f1-score": 0.9152542372881356,
    "support": 30,
    "confused_with": {
      "inform_time": 2,
      "request_restaurants": 1
    }
  },
  "request_restaurants": {
    "precision": 0.9310344827586207,
    "recall": 0.9310344827586207,
    "f1-score": 0.9310344827586207,
    "support": 29,
    "confused_with": {
      "view_bookings": 1,
      "out_of_scope": 1
    }
  },
  "greet": {
    "precision": 0.9047619047619048,
    "recall": 0.7037037037037037,
    "f1-score": 0.7916666666666667,
    "support": 27,
    "confused_with": {
      "view_bookings": 2,
      "affirm": 2
    }
  },
  "out_of_scope": {
    "precision": 0.9523809523809523,
    "recall": 0.7407407407407407,
    "f1-score": 0.8333333333333334,
    "support": 27,
    "confused_with": {
      "inform_cuisine": 2,
      "request_menu": 1
    }
  },
  "user_wants_to_change_restaurant_booking": {
    "precision": 0.90625,
    "recall": 1.0,
    "f1-score": 0.9508196721311475,
    "support": 29,
    "confused_with": {}
  },
  "inform_date": {
    "precision": 0.9666666666666667,
    "recall": 0.9666666666666667,
    "f1-score": 0.9666666666666667,
    "support": 30,
    "confused_with": {
      "user_wants_to_change_restaurant_booking": 1
    }
  },
  "thank_you": {
    "precision": 0.8620689655172413,
    "recall": 0.8620689655172413,
    "f1-score": 0.8620689655172413,
    "support": 29,
    "confused_with": {
      "affirm": 1,
      "bot_challenge": 1
    }
  },
  "request_user_registration_form": {
    "precision": 0.9,
    "recall": 1.0,
    "f1-score": 0.9473684210526316,
    "support": 27,
    "confused_with": {}
  },
  "goodbye": {
    "precision": 0.84,
    "recall": 0.75,
    "f1-score": 0.7924528301886793,
    "support": 28,
    "confused_with": {
      "affirm": 2,
      "thank_you": 2
    }
  },
  "request_cuisines": {
    "precision": 0.9333333333333333,
    "recall": 0.9655172413793104,
    "f1-score": 0.9491525423728815,
    "support": 29,
    "confused_with": {
      "bot_challenge": 1
    }
  },
  "inform_time": {
    "precision": 0.9032258064516129,
    "recall": 0.9333333333333333,
    "f1-score": 0.9180327868852459,
    "support": 30,
    "confused_with": {
      "inform_date": 1,
      "inform_num_people": 1
    }
  },
  "inform_permanent_language": {
    "precision": 1.0,
    "recall": 1.0,
    "f1-score": 1.0,
    "support": 29,
    "confused_with": {}
  },
  "request_login_form": {
    "precision": 0.9629629629629629,
    "recall": 1.0,
    "f1-score": 0.9811320754716981,
    "support": 26,
    "confused_with": {}
  },
  "logout": {
    "precision": 1.0,
    "recall": 0.95,
    "f1-score": 0.9743589743589743,
    "support": 20,
    "confused_with": {
      "request_restaurants": 1
    }
  },
  "deny": {
    "precision": 0.7916666666666666,
    "recall": 0.7037037037037037,
    "f1-score": 0.7450980392156864,
    "support": 27,
    "confused_with": {
      "stop": 3,
      "goodbye": 3
    }
  },
  "bot_challenge": {
    "precision": 0.8709677419354839,
    "recall": 0.9642857142857143,
    "f1-score": 0.9152542372881356,
    "support": 28,
    "confused_with": {
      "request_user_registration_form": 1
    }
  },
  "request_opening_hours": {
    "precision": 0.9310344827586207,
    "recall": 0.9,
    "f1-score": 0.9152542372881356,
    "support": 30,
    "confused_with": {
      "request_ambiance": 2,
      "request_menu": 1
    }
  },
  "accuracy": 0.8985507246376812,
  "macro avg": {
    "precision": 0.9015294219373403,
    "recall": 0.8986371041687132,
    "f1-score": 0.8979508016900772,
    "support": 690
  },
  "weighted avg": {
    "precision": 0.8993605840458644,
    "recall": 0.8985507246376812,
    "f1-score": 0.896899331514811,
    "support": 690
  },
  "micro avg": {
    "precision": 0.8985507246376812,
    "recall": 0.8985507246376812,
    "f1-score": 0.8985507246376812,
    "support": 690
  }
}