{
  "goodbye": {
    "precision": 0.8260869565217391,
    "recall": 0.6785714285714286,
    "f1-score": 0.7450980392156864,
    "support": 28,
    "confused_with": {
      "affirm": 2,
      "greet": 2
    }
  },
  "request_menu": {
    "precision": 0.90625,
    "recall": 0.9666666666666667,
    "f1-score": 0.9354838709677419,
    "support": 30,
    "confused_with": {
      "inform_date": 1
    }
  },
  "inform_num_people": {
    "precision": 0.9375,
    "recall": 1.0,
    "f1-score": 0.967741935483871,
    "support": 30,
    "confused_with": {}
  },
  "greet": {
    "precision": 0.84,
    "recall": 0.7777777777777778,
    "f1-score": 0.8076923076923077,
    "support": 27,
    "confused_with": {
      "thank_you": 2,
      "affirm": 1
    }
  },
  "request_user_registration_form": {
    "precision": 0.9642857142857143,
    "recall": 1.0,
    "f1-score": 0.9818181818181818,
    "support": 27,
    "confused_with": {}
  },
  "logout": {
    "precision": 1.0,
    "recall": 0.95,
    "f1-score": 0.9743589743589743,
    "support": 20,
    "confused_with": {
      "stop": 1
    }
  },
  "user_wants_to_cancel_booking": {
    "precision": 0.9666666666666667,
    "recall": 1.0,
    "f1-score": 0.983050847457627,
    "support": 29,
    "confused_with": {}
  },
  "stop": {
    "precision": 0.8214285714285714,
    "recall": 0.8214285714285714,
    "f1-score": 0.8214285714285714,
    "support": 28,
    "confused_with": {
      "bot_challenge": 1,
      "thank_you": 1
    }
  },
  "request_ambiance": {
    "precision": 0.9032258064516129,
    "recall": 0.9333333333333333,
    "f1-score": 0.9180327868852459,
    "support": 30,
    "confused_with": {
      "request_opening_hours": 1,
      "request_login_form": 1
    }
  },
  "request_opening_hours": {
    "precision": 0.9666666666666667,
    "recall": 0.9666666666666667,
    "f1-score": 0.9666666666666667,
    "support": 30,
    "confused_with": {
      "request_menu": 1
    }
  },
  "inform_cuisine": {
    "precision": 0.9629629629629629,
    "recall": 0.8666666666666667,
    "f1-score": 0.912280701754386,
    "support": 30,
    "confused_with": {
      "affirm": 1,
      "goodbye": 1
    }
  },
  "deny": {
    "precision": 0.8636363636363636,
    "recall": 0.7037037037037037,
    "f1-score": 0.7755102040816326,
    "support": 27,
    "confused_with": {
      "affirm": 2,
      "thank_you": 2
    }
  },
  "bot_challenge": {
    "precision": 0.8235294117647058,
    "recall": 1.0,
    "f1-score": 0.9032258064516129,
    "support": 28,
    "confused_with": {}
  },
  "user_wants_to_change_restaurant_booking": {
    "precision": 0.9666666666666667,
    "recall": 1.0,
    "f1-score": 0.983050847457627,
    "support": 29,
    "confused_with": {}
  },
  "out_of_scope": {
    "precision": 0.9047619047619048,
    "recall": 0.7037037037037037,
    "f1-score": 0.7916666666666667,
    "support": 27,
    "confused_with": {
      "bot_challenge": 3,
      "request_ambiance": 2
    }
  },
  "request_restaurants": {
    "precision": 0.896551724137931,
    "recall": 0.896551724137931,
    "f1-score": 0.896551724137931,
    "support": 29,
    "confused_with": {
      "out_of_scope": 1,
      "goodbye": 1
    }
  },
  "inform_time": {
    "precision": 0.9666666666666667,
    "recall": 0.9666666666666667,
    "f1-score": 0.9666666666666667,
    "support": 30,
    "confused_with": {
      "inform_num_people": 1
    }
  },
  "thank_you": {
    "precision": 0.8064516129032258,
    "recall": 0.8620689655172413,
    "f1-score": 0.8333333333333334,
    "support": 29,
    "confused_with": {
      "bot_challenge": 2,
      "view_bookings": 1
    }
  },
  "inform_permanent_language": {
    "precision": 0.9666666666666667,
    "recall": 1.0,
    "f1-score": 0.983050847457627,
    "support": 29,
    "confused_with": {}
  },
  "affirm": {
    "precision": 0.85,
    "recall": 0.8717948717948718,
    "f1-score": 0.8607594936708861,
    "support": 39,
    "confused_with": {
      "deny": 1,
      "stop": 1
    }
  },
  "request_cuisines": {
    "precision": 0.9642857142857143,
    "recall": 0.9310344827586207,
    "f1-score": 0.9473684210526316,
    "support": 29,
    "confused_with": {
      "request_restaurants": 1,
      "request_menu": 1
    }
  },
  "view_bookings": {
    "precision": 0.9354838709677419,
    "recall": 1.0,
    "f1-score": 0.9666666666666666,
    "support": 29,
    "confused_with": {}
  },
  "inform_date": {
    "precision": 0.9354838709677419,
    "recall": 0.9666666666666667,
    "f1-score": 0.9508196721311476,
    "support": 30,
    "confused_with": {
      "view_bookings": 1
    }
  },
  "request_login_form": {
    "precision": 0.9285714285714286,
    "recall": 1.0,
    "f1-score": 0.962962962962963,
    "support": 26,
    "confused_with": {}
  },
  "accuracy": 0.9115942028985508,
  "macro avg": {
    "precision": 0.9126595519575288,
    "recall": 0.9109709123358548,
    "f1-score": 0.9098035915194438,
    "support": 690
  },
  "weighted avg": {
    "precision": 0.9114314158628385,
    "recall": 0.9115942028985508,
    "f1-score": 0.9095758552740063,
    "support": 690
  },
  "micro avg": {
    "precision": 0.9115942028985508,
    "recall": 0.9115942028985508,
    "f1-score": 0.9115942028985508,
    "support": 690
  }
}