{
  "inform_date": {
    "precision": 1.0,
    "recall": 1.0,
    "f1-score": 1.0,
    "support": 30,
    "confused_with": {}
  },
  "greet": {
    "precision": 0.88,
    "recall": 0.8148148148148148,
    "f1-score": 0.8461538461538461,
    "support": 27,
    "confused_with": {
      "affirm": 1,
      "bot_challenge": 1
    }
  },
  "thank_you": {
    "precision": 1.0,
    "recall": 0.8620689655172413,
    "f1-score": 0.9259259259259259,
    "support": 29,
    "confused_with": {
      "view_bookings": 1,
      "bot_challenge": 1
    }
  },
  "logout": {
    "precision": 0.8636363636363636,
    "recall": 0.95,
    "f1-score": 0.9047619047619048,
    "support": 20,
    "confused_with": {
      "request_login_form": 1
    }
  },
  "request_login_form": {
    "precision": 0.8275862068965517,
    "recall": 0.9230769230769231,
    "f1-score": 0.8727272727272727,
    "support": 26,
    "confused_with": {
      "logout": 1,
      "request_user_registration_form": 1
    }
  },
  "goodbye": {
    "precision": 0.8076923076923077,
    "recall": 0.75,
    "f1-score": 0.7777777777777779,
    "support": 28,
    "confused_with": {
      "greet": 3,
      "affirm": 1
    }
  },
  "user_wants_to_cancel_booking": {
    "precision": 1.0,
    "recall": 1.0,
    "f1-score": 1.0,
    "support": 29,
    "confused_with": {}
  },
  "view_bookings": {
    "precision": 0.90625,
    "recall": 1.0,
    "f1-score": 0.9508196721311475,
    "support": 29,
    "confused_with": {}
  },
  "request_cuisines": {
    "precision": 0.9655172413793104,
    "recall": 0.9655172413793104,
    "f1-score": 0.9655172413793104,
    "support": 29,
    "confused_with": {
      "bot_challenge": 1
    }
  },
  "inform_time": {
    "precision": 0.967741935483871,
    "recall": 1.0,
    "f1-score": 0.9836065573770492,
    "support": 30,
    "confused_with": {}
  },
  "user_wants_to_change_restaurant_booking": {
    "precision": 1.0,
    "recall": 0.9655172413793104,
    "f1-score": 0.9824561403508771,
    "support": 29,
    "confused_with": {
      "view_bookings": 1
    }
  },
  "deny": {
    "precision": 0.8695652173913043,
    "recall": 0.7407407407407407,
    "f1-score": 0.7999999999999999,
    "support": 27,
    "confused_with": {
      "stop": 3,
      "affirm": 2
    }
  },
  "request_menu": {
    "precision": 1.0,
    "recall": 0.9333333333333333,
    "f1-score": 0.9655172413793104,
    "support": 30,
    "confused_with": {
      "request_restaurants": 1,
      "request_ambiance": 1
    }
  },
  "bot_challenge": {
    "precision": 0.7428571428571429,
    "recall": 0.9285714285714286,
    "f1-score": 0.8253968253968255,
    "support": 28,
    "confused_with": {
      "request_restaurants": 1,
      "request_login_form": 1
    }
  },
  "affirm": {
    "precision": 0.868421052631579,
    "recall": 0.8461538461538461,
    "f1-score": 0.8571428571428572,
    "support": 39,
    "confused_with": {
      "stop": 2,
      "request_login_form": 1
    }
  },
  "inform_cuisine": {
    "precision": 0.9285714285714286,
    "recall": 0.8666666666666667,
    "f1-score": 0.896551724137931,
    "support": 30,
    "confused_with": {
      "request_ambiance": 2,
      "bot_challenge": 1
    }
  },
  "inform_num_people": {
    "precision": 0.9354838709677419,
    "recall": 0.9666666666666667,
    "f1-score": 0.9508196721311476,
    "support": 30,
    "confused_with": {
      "inform_time": 1
    }
  },
  "request_opening_hours": {
    "precision": 0.967741935483871,
    "recall": 1.0,
    "f1-score": 0.9836065573770492,
    "support": 30,
    "confused_with": {}
  },
  "request_user_registration_form": {
    "precision": 0.9310344827586207,
    "recall": 1.0,
    "f1-score": 0.9642857142857143,
    "support": 27,
    "confused_with": {}
  },
  "request_restaurants": {
    "precision": 0.9310344827586207,
    "recall": 0.9310344827586207,
    "f1-score": 0.9310344827586207,
    "support": 29,
    "confused_with": {
      "out_of_scope": 1,
      "goodbye": 1
    }
  },
  "request_ambiance": {
    "precision": 0.8484848484848485,
    "recall": 0.9333333333333333,
    "f1-score": 0.888888888888889,
    "support": 30,
    "confused_with": {
      "request_opening_hours": 1,
      "request_login_form": 1
    }
  },
  "stop": {
    "precision": 0.7857142857142857,
    "recall": 0.7857142857142857,
    "f1-score": 0.7857142857142857,
    "support": 28,
    "confused_with": {
      "affirm": 1,
      "bot_challenge": 1
    }
  },
  "inform_permanent_language": {
    "precision": 0.9655172413793104,
    "recall": 0.9655172413793104,
    "f1-score": 0.9655172413793104,
    "support": 29,
    "confused_with": {
      "inform_cuisine": 1
    }
  },
  "out_of_scope": {
    "precision": 0.9545454545454546,
    "recall": 0.7777777777777778,
    "f1-score": 0.8571428571428572,
    "support": 27,
    "confused_with": {
      "bot_challenge": 3,
      "request_ambiance": 2
    }
  },
  "accuracy": 0.9130434782608695,
  "macro avg": {
    "precision": 0.9144748124430254,
    "recall": 0.9127710412193171,
    "f1-score": 0.9117235285966631,
    "support": 690
  },
  "weighted avg": {
    "precision": 0.9158618319805535,
    "recall": 0.9130434782608695,
    "f1-score": 0.9126302933781227,
    "support": 690
  },
  "micro avg": {
    "precision": 0.9130434782608695,
    "recall": 0.9130434782608695,
    "f1-score": 0.9130434782608695,
    "support": 690
  }
}