{
  "inform_time": {
    "precision": 1.0,
    "recall": 0.9333333333333333,
    "f1-score": 0.9655172413793104,
    "support": 30,
    "confused_with": {
      "inform_num_people": 2
    }
  },
  "view_bookings": {
    "precision": 0.8529411764705882,
    "recall": 1.0,
    "f1-score": 0.9206349206349206,
    "support": 29,
    "confused_with": {}
  },
  "thank_you": {
    "precision": 0.8666666666666667,
    "recall": 0.896551724137931,
    "f1-score": 0.8813559322033899,
    "support": 29,
    "confused_with": {
      "stop": 1,
      "inform_num_people": 1
    }
  },
  "request_restaurants": {
    "precision": 0.896551724137931,
    "recall": 0.896551724137931,
    "f1-score": 0.896551724137931,
    "support": 29,
    "confused_with": {
      "view_bookings": 1,
      "inform_date": 1
    }
  },
  "affirm": {
    "precision": 0.875,
    "recall": 0.8974358974358975,
    "f1-score": 0.8860759493670887,
    "support": 39,
    "confused_with": {
      "request_login_form": 2,
      "stop": 1
    }
  },
  "request_login_form": {
    "precision": 0.9285714285714286,
    "recall": 1.0,
    "f1-score": 0.962962962962963,
    "support": 26,
    "confused_with": {}
  },
  "request_ambiance": {
    "precision": 0.8484848484848485,
    "recall": 0.9333333333333333,
    "f1-score": 0.888888888888889,
    "support": 30,
    "confused_with": {
      "request_opening_hours": 2
    }
  },
  "greet": {
    "precision": 0.9130434782608695,
    "recall": 0.7777777777777778,
    "f1-score": 0.84,
    "support": 27,
    "confused_with": {
      "view_bookings": 1,
      "thank_you": 1
    }
  },
  "bot_challenge": {
    "precision": 0.9642857142857143,
    "recall": 0.9642857142857143,
    "f1-score": 0.9642857142857143,
    "support": 28,
    "confused_with": {
      "stop": 1
    }
  },
  "out_of_scope": {
    "precision": 0.9090909090909091,
    "recall": 0.7407407407407407,
    "f1-score": 0.8163265306122449,
    "support": 27,
    "confused_with": {
      "request_ambiance": 2,
      "bot_challenge": 1
    }
  },
  "stop": {
    "precision": 0.7333333333333333,
    "recall": 0.7857142857142857,
    "f1-score": 0.7586206896551724,
    "support": 28,
    "confused_with": {
      "deny": 2,
      "thank_you": 1
    }
  },
  "request_menu": {
    "precision": 1.0,
    "recall": 0.9,
    "f1-score": 0.9473684210526316,
    "support": 30,
    "confused_with": {
      "request_restaurants": 2,
      "request_ambiance": 1
    }
  },
  "user_wants_to_change_restaurant_booking": {
    "precision": 0.9629629629629629,
    "recall": 0.896551724137931,
    "f1-score": 0.9285714285714286,
    "support": 29,
    "confused_with": {
      "view_bookings": 3
    }
  },
  "request_user_registration_form": {
    "precision": 0.9642857142857143,
    "recall": 1.0,
    "f1-score": 0.9818181818181818,
    "support": 27,
    "confused_with": {}
  },
  "logout": {
    "precision": 1.0,
    "recall": 1.0,
    "f1-score": 1.0,
    "support": 20,
    "confused_with": {}
  },
  "request_opening_hours": {
    "precision": 0.8787878787878788,
    "recall": 0.9666666666666667,
    "f1-score": 0.9206349206349207,
    "support": 30,
    "confused_with": {
      "out_of_scope": 1
    }
  },
  "inform_cuisine": {
    "precision": 0.896551724137931,
    "recall": 0.8666666666666667,
    "f1-score": 0.8813559322033899,
    "support": 30,
    "confused_with": {
      "stop": 1,
      "request_cuisines": 1
    }
  },
  "goodbye": {
    "precision": 0.9523809523809523,
    "recall": 0.7142857142857143,
    "f1-score": 0.8163265306122449,
    "support": 28,
    "confused_with": {
      "affirm": 2,
      "thank_you": 2
    }
  },
  "inform_date": {
    "precision": 0.967741935483871,
    "recall": 1.0,
    "f1-score": 0.9836065573770492,
    "support": 30,
    "confused_with": {}
  },
  "deny": {
    "precision": 0.875,
    "recall": 0.7777777777777778,
    "f1-score": 0.823529411764706,
    "support": 27,
    "confused_with": {
      "affirm": 3,
      "stop": 2
    }
  },
  "inform_num_people": {
    "precision": 0.8823529411764706,
    "recall": 1.0,
    "f1-score": 0.9375,
    "support": 30,
    "confused_with": {}
  },
  "user_wants_to_cancel_booking": {
    "precision": 1.0,
    "recall": 1.0,
    "f1-score": 1.0,
    "support": 29,
    "confused_with": {}
  },
  "request_cuisines": {
    "precision": 0.90625,
    "recall": 1.0,
    "f1-score": 0.9508196721311475,
    "support": 29,
    "confused_with": {}
  },
  "inform_permanent_language": {
    "precision": 0.9333333333333333,
    "recall": 0.9655172413793104,
    "f1-score": 0.9491525423728815,
    "support": 29,
    "confused_with": {
      "inform_cuisine": 1
    }
  },
  "accuracy": 0.9130434782608695,
  "macro avg": {
    "precision": 0.9169840300771419,
    "recall": 0.9130495967421255,
    "f1-score": 0.9125793396944252,
    "support": 690
  },
  "weighted avg": {
    "precision": 0.9154873185112643,
    "recall": 0.9130434782608695,
    "f1-score": 0.9118686692908621,
    "support": 690
  },
  "micro avg": {
    "precision": 0.9130434782608695,
    "recall": 0.9130434782608695,
    "f1-score": 0.9130434782608695,
    "support": 690
  }
}