{
  "user_wants_to_change_restaurant_booking": {
    "precision": 0.9333333333333333,
    "recall": 0.9655172413793104,
    "f1-score": 0.9491525423728815,
    "support": 29,
    "confused_with": {
      "view_bookings": 1
    }
  },
  "thank_you": {
    "precision": 0.8928571428571429,
    "recall": 0.8620689655172413,
    "f1-score": 0.8771929824561403,
    "support": 29,
    "confused_with": {
      "bot_challenge": 1,
      "stop": 1
    }
  },
  "bot_challenge": {
    "precision": 0.8387096774193549,
    "recall": 0.9285714285714286,
    "f1-score": 0.8813559322033899,
    "support": 28,
    "confused_with": {
      "request_user_registration_form": 1,
      "request_cuisines": 1
    }
  },
  "inform_num_people": {
    "precision": 0.90625,
    "recall": 0.9666666666666667,
    "f1-score": 0.9354838709677419,
    "support": 30,
    "confused_with": {
      "inform_time": 1
    }
  },
  "request_user_registration_form": {
    "precision": 0.9,
    "recall": 1.0,
    "f1-score": 0.9473684210526316,
    "support": 27,
    "confused_with": {}
  },
  "out_of_scope": {
    "precision": 0.95,
    "recall": 0.7037037037037037,
    "f1-score": 0.8085106382978724,
    "support": 27,
    "confused_with": {
      "bot_challenge": 3,
      "request_restaurants": 1
    }
  },
  "request_menu": {
    "precision": 0.9333333333333333,
    "recall": 0.9333333333333333,
    "f1-score": 0.9333333333333333,
    "support": 30,
    "confused_with": {
      "request_opening_hours": 1,
      "request_cuisines": 1
    }
  },
  "user_wants_to_cancel_booking": {
    "precision": 0.9666666666666667,
    "recall": 1.0,
    "f1-score": 0.983050847457627,
    "support": 29,
    "confused_with": {}
  },
  "affirm": {
    "precision": 0.9444444444444444,
    "recall": 0.8717948717948718,
    "f1-score": 0.9066666666666667,
    "support": 39,
    "confused_with": {
      "deny": 1,
      "stop": 1
    }
  },
  "inform_date": {
    "precision": 0.967741935483871,
    "recall": 1.0,
    "f1-score": 0.9836065573770492,
    "support": 30,
    "confused_with": {}
  },
  "request_opening_hours": {
    "precision": 0.9090909090909091,
    "recall": 1.0,
    "f1-score": 0.9523809523809523,
    "support": 30,
    "confused_with": {}
  },
  "request_restaurants": {
    "precision": 0.96,
    "recall": 0.8275862068965517,
    "f1-score": 0.888888888888889,
    "support": 29,
    "confused_with": {
      "request_menu": 2,
      "view_bookings": 1
    }
  },
  "request_login_form": {
    "precision": 0.9285714285714286,
    "recall": 1.0,
    "f1-score": 0.962962962962963,
    "support": 26,
    "confused_with": {}
  },
  "goodbye": {
    "precision": 0.7931034482758621,
    "recall": 0.8214285714285714,
    "f1-score": 0.8070175438596492,
    "support": 28,
    "confused_with": {
      "thank_you": 2,
      "affirm": 1
    }
  },
  "deny": {
    "precision": 0.88,
    "recall": 0.8148148148148148,
    "f1-score": 0.8461538461538461,
    "support": 27,
    "confused_with": {
      "goodbye": 2,
      "view_bookings": 1
    }
  },
  "inform_cuisine": {
    "precision": 0.9615384615384616,
    "recall": 0.8333333333333334,
    "f1-score": 0.8928571428571429,
    "support": 30,
    "confused_with": {
      "deny": 1,
      "stop": 1
    }
  },
  "request_ambiance": {
    "precision": 0.9354838709677419,
    "recall": 0.9666666666666667,
    "f1-score": 0.9508196721311476,
    "support": 30,
    "confused_with": {
      "request_login_form": 1
    }
  },
  "logout": {
    "precision": 0.9523809523809523,
    "recall": 1.0,
    "f1-score": 0.975609756097561,
    "support": 20,
    "confused_with": {}
  },
  "request_cuisines": {
    "precision": 0.8787878787878788,
    "recall": 1.0,
    "f1-score": 0.9354838709677419,
    "support": 29,
    "confused_with": {}
  },
  "inform_permanent_language": {
    "precision": 0.9666666666666667,
    "recall": 1.0,
    "f1-score": 0.983050847457627,
    "support": 29,
    "confused_with": {}
  },
  "inform_time": {
    "precision": 0.9666666666666667,
    "recall": 0.9666666666666667,
    "f1-score": 0.9666666666666667,
    "support": 30,
    "confused_with": {
      "inform_num_people": 1
    }
  },
  "stop": {
    "precision": 0.8461538461538461,
    "recall": 0.7857142857142857,
    "f1-score": 0.8148148148148148,
    "support": 28,
    "confused_with": {
      "user_wants_to_cancel_booking": 1,
      "thank_you": 1
    }
  },
  "view_bookings": {
    "precision": 0.875,
    "recall": 0.9655172413793104,
    "f1-score": 0.9180327868852458,
    "support": 29,
    "confused_with": {
      "user_wants_to_change_restaurant_booking": 1
    }
  },
  "greet": {
    "precision": 1.0,
    "recall": 0.8518518518518519,
    "f1-score": 0.92,
    "support": 27,
    "confused_with": {
      "goodbye": 2,
      "view_bookings": 1
    }
  },
  "accuracy": 0.9188405797101449,
  "macro avg": {
    "precision": 0.92028252760994,
    "recall": 0.9193848270716088,
    "f1-score": 0.9175192310128993,
    "support": 690
  },
  "weighted avg": {
    "precision": 0.9206464913174663,
    "recall": 0.9188405797101449,
    "f1-score": 0.9174761867416016,
    "support": 690
  },
  "micro avg": {
    "precision": 0.9188405797101449,
    "recall": 0.9188405797101449,
    "f1-score": 0.9188405797101449,
    "support": 690
  }
}