{
  "logout": {
    "precision": 1.0,
    "recall": 0.95,
    "f1-score": 0.9743589743589743,
    "support": 20,
    "confused_with": {
      "request_login_form": 1
    }
  },
  "request_user_registration_form": {
    "precision": 0.9642857142857143,
    "recall": 1.0,
    "f1-score": 0.9818181818181818,
    "support": 27,
    "confused_with": {}
  },
  "stop": {
    "precision": 0.88,
    "recall": 0.7857142857142857,
    "f1-score": 0.830188679245283,
    "support": 28,
    "confused_with": {
      "deny": 2,
      "affirm": 1
    }
  },
  "out_of_scope": {
    "precision": 0.84,
    "recall": 0.7777777777777778,
    "f1-score": 0.8076923076923077,
    "support": 27,
    "confused_with": {
      "bot_challenge": 3,
      "request_restaurants": 1
    }
  },
  "request_login_form": {
    "precision": 0.9285714285714286,
    "recall": 1.0,
    "f1-score": 0.962962962962963,
    "support": 26,
    "confused_with": {}
  },
  "user_wants_to_cancel_booking": {
    "precision": 1.0,
    "recall": 1.0,
    "f1-score": 1.0,
    "support": 29,
    "confused_with": {}
  },
  "goodbye": {
    "precision": 0.7777777777777778,
    "recall": 0.75,
    "f1-score": 0.7636363636363638,
    "support": 28,
    "confused_with": {
      "affirm": 2,
      "greet": 2
    }
  },
  "inform_permanent_language": {
    "precision": 0.9666666666666667,
    "recall": 1.0,
    "f1-score": 0.983050847457627,
    "support": 29,
    "confused_with": {}
  },
  "view_bookings": {
    "precision": 0.9655172413793104,
    "recall": 0.9655172413793104,
    "f1-score": 0.9655172413793104,
    "support": 29,
    "confused_with": {
      "user_wants_to_change_restaurant_booking": 1
    }
  },
  "request_opening_hours": {
    "precision": 0.9354838709677419,
    "recall": 0.9666666666666667,
    "f1-score": 0.9508196721311476,
    "support": 30,
    "confused_with": {
      "request_menu": 1
    }
  },
  "user_wants_to_change_restaurant_booking": {
    "precision": 0.9354838709677419,
    "recall": 1.0,
    "f1-score": 0.9666666666666666,
    "support": 29,
    "confused_with": {}
  },
  "request_ambiance": {
    "precision": 0.9354838709677419,
    "recall": 0.9666666666666667,
    "f1-score": 0.9508196721311476,
    "support": 30,
    "confused_with": {
      "request_opening_hours": 1
    }
  },
  "inform_time": {
    "precision": 0.967741935483871,
    "recall": 1.0,
    "f1-score": 0.9836065573770492,
    "support": 30,
    "confused_with": {}
  },
  "request_restaurants": {
    "precision": 0.9285714285714286,
    "recall": 0.896551724137931,
    "f1-score": 0.912280701754386,
    "support": 29,
    "confused_with": {
      "out_of_scope": 2,
      "inform_date": 1
    }
  },
  "affirm": {
    "precision": 0.8648648648648649,
    "recall": 0.8205128205128205,
    "f1-score": 0.8421052631578947,
    "support": 39,
    "confused_with": {
      "deny": 3,
      "request_login_form": 1
    }
  },
  "inform_cuisine": {
    "precision": 1.0,
    "recall": 0.9,
    "f1-score": 0.9473684210526316,
    "support": 30,
    "confused_with": {
      "inform_permanent_language": 1,
      "request_cuisines": 1
    }
  },
  "inform_date": {
    "precision": 0.9090909090909091,
    "recall": 1.0,
    "f1-score": 0.9523809523809523,
    "support": 30,
    "confused_with": {}
  },
  "request_cuisines": {
    "precision": 0.9333333333333333,
    "recall": 0.9655172413793104,
    "f1-score": 0.9491525423728815,
    "support": 29,
    "confused_with": {
      "bot_challenge": 1
    }
  },
  "greet": {
    "precision": 0.92,
    "recall": 0.8518518518518519,
    "f1-score": 0.8846153846153846,
    "support": 27,
    "confused_with": {
      "affirm": 1,
      "thank_you": 1
    }
  },
  "request_menu": {
    "precision": 0.967741935483871,
    "recall": 1.0,
    "f1-score": 0.9836065573770492,
    "support": 30,
    "confused_with": {}
  },
  "bot_challenge": {
    "precision": 0.8709677419354839,
    "recall": 0.9642857142857143,
    "f1-score": 0.9152542372881356,
    "support": 28,
    "confused_with": {
      "out_of_scope": 1
    }
  },
  "deny": {
    "precision": 0.7857142857142857,
    "recall": 0.8148148148148148,
    "f1-score": 0.7999999999999999,
    "support": 27,
    "confused_with": {
      "stop": 2,
      "goodbye": 2
    }
  },
  "thank_you": {
    "precision": 0.8928571428571429,
    "recall": 0.8620689655172413,
    "f1-score": 0.8771929824561403,
    "support": 29,
    "confused_with": {
      "out_of_scope": 1,
      "stop": 1
    }
  },
  "inform_num_people": {
    "precision": 0.9642857142857143,
    "recall": 0.9,
    "f1-score": 0.9310344827586207,
    "support": 30,
    "confused_with": {
      "request_restaurants": 1,
      "inform_date": 1
    }
  },
  "accuracy": 0.9217391304347826,
  "macro avg": {
    "precision": 0.9222683222168762,
    "recall": 0.922414407112683,
    "f1-score": 0.921505402169629,
    "support": 690
  },
  "weighted avg": {
    "precision": 0.9215837236847055,
    "recall": 0.9217391304347826,
    "f1-score": 0.9208304321308814,
    "support": 690
  },
  "micro avg": {
    "precision": 0.9217391304347826,
    "recall": 0.9217391304347826,
    "f1-score": 0.9217391304347826,
    "support": 690
  }
}