{
  "config-00-default": [
    [
      0.8442026442026442,
      0.8417421017421017,
      0.7772845172845174,
      0.7502625302625304,
      0.6284074484074484
    ],
    [
      0.8247698792435634,
      0.8349276394400235,
      0.8160271307639729,
      0.7391104561073601,
      0.6370959050183426
    ],
    [
      0.8365463506824763,
      0.800058703230862,
      0.7563148892991824,
      0.7498673382874184,
      0.581242024751418
    ]
  ],
  "config-01-enh": [
    [
      0.8417212367212368,
      0.7874297324297324,
      0.7649590561355267,
      0.783101943101943,
      0.6141657891657891
    ],
    [
      0.8290352629826313,
      0.8314898259635102,
      0.8270028217396638,
      0.7249936028883398,
      0.6595183763604816
    ],
    [
      0.847969424409215,
      0.8293104800958203,
      0.7966799343762694,
      0.7263007498609593,
      0.5376521313305065
    ]
  ],
  "config-02-enh-gpt": [
    [
      0.8754242154242154,
      0.8484650484650484,
      0.786062766062766,
      0.7444049644049645,
      0.6768544156779451
    ],
    [
      0.8894686892055312,
      0.8521097615834458,
      0.8593352446261033,
      0.7730357155744152,
      0.7010817802768268
    ],
    [
      0.8205867430998321,
      0.8338274291153872,
      0.8306423070820977,
      0.7411249599731277,
      0.6254244446652824
    ]
  ],
  "config-03-enh-gpt-2": [
    [
      0.8437530249294956,
      0.8269205869205868,
      0.7542121842121843,
      0.7729344141108846,
      0.5632022049669109
    ],
    [
      0.8532814553867186,
      0.8382450882450883,
      0.8130000408947778,
      0.7681568637760587,
      0.6200332689236062
    ],
    [
      0.8518873796360708,
      0.8234874559789866,
      0.7960390394945368,
      0.7484553977316527,
      0.5545246691705771
    ]
  ],
  "config-04-enh-bert": [
    [
      0.8701137301137302,
      0.8606101406101405,
      0.7817431605666899,
      0.7727668727668727,
      0.6370021204076931
    ],
    [
      0.9000220831799779,
      0.8832146800567853,
      0.836870147396463,
      0.7751072611598928,
      0.6874174947859159
    ],
    [
      0.8862791077450762,
      0.849966961485286,
      0.8094412568234558,
      0.7781356514340808,
      0.6121359033123739
    ]
  ],
  "config-05-enh-roberta": [
    [
      0.8456391056391057,
      0.8307757707757707,
      0.7992489704254411,
      0.783454785807727,
      0.5987638487638487
    ],
    [
      0.8506400032715822,
      0.8619217349557905,
      0.8613984261352683,
      0.7266657697307853,
      0.6215990768777147
    ],
    [
      0.8359274233619783,
      0.8396706260580606,
      0.8031882602563231,
      0.7472664624497086,
      0.6106117422255396
    ]
  ],
  "config-06-enh-distillbert": [
    [
      0.8728280728280728,
      0.8262711162711163,
      0.8032768582768584,
      0.7657693657693658,
      0.6794681594681594
    ],
    [
      0.8819010813747656,
      0.887698704803968,
      0.8578556015707719,
      0.7686021408931626,
      0.6286314940649305
    ],
    [
      0.8796001555163859,
      0.8526614233728493,
      0.8040040238993117,
      0.7754041769748578,
      0.645192837724
    ]
  ],
  "config-07-enh-xlnet": [
    [
      0.8084796999502881,
      0.8016289486877722,
      0.7666740760239211,
      0.7087909837909838,
      0.47900858334294866
    ],
    [
      0.852047338626286,
      0.8643431914346043,
      0.780504098584594,
      0.7004622063070816,
      0.5422456383259706
    ],
    [
      0.8298363067996575,
      0.8272655209827984,
      0.8110564827842315,
      0.702770685154424,
      0.518406404532059
    ]
  ],
  "config-08-enh-spacy-lg": [
    [
      0.8454676254676253,
      0.8409132009132009,
      0.7854129654129655,
      0.6950016350016349,
      0.5824226224226224
    ],
    [
      0.867627109732373,
      0.8359924286240076,
      0.8509204830257461,
      0.7546115288220551,
      0.6432354487617645
    ],
    [
      0.8561234576941383,
      0.8508726875219023,
      0.7823849216519373,
      0.7654304973676701,
      0.5347241222352661
    ]
  ],
  "config-09-enh-spacy-trf": [
    [
      0.8451001162765868,
      0.822704391527921,
      0.7476482888247592,
      0.7625914775914775,
      0.6110887310887311
    ],
    [
      0.8310718486879477,
      0.8152415180278958,
      0.8156281695600581,
      0.7597581366002418,
      0.687087119966377
    ],
    [
      0.8426060850144619,
      0.8348769903743726,
      0.8090640598494001,
      0.7478356260308832,
      0.5194935954098258
    ]
  ]
}