{
  "config-02-gpt": [
    [
      0.889448081894125,
      0.9031451362386614,
      0.8475725713135785,
      0.7581710855092151,
      0.6629515967645464
    ],
    [
      0.8786249579727841,
      0.8873512960469482,
      0.891810604854083,
      0.8097357317306165,
      0.7808707916124795
    ],
    [
      0.8872111618540189,
      0.8583597355025926,
      0.8486395956984193,
      0.7447013700585129,
      0.5718207982493697
    ],
    [
      0.8573415792840253,
      0.852722337614424,
      0.7875728587958803,
      0.7848515992400884,
      0.6216596353287
    ],
    [
      0.884982174688057,
      0.8874595992243051,
      0.8365329115329115,
      0.7321898689545749,
      0.6203022875816994
    ]
  ],
  "config-02-gpt-with-zero-shot": [
    [
      0.9113645347458297,
      0.8945162750918146,
      0.8764605498418447,
      0.7758222310909574,
      0.7465065427824632
    ],
    [
      0.9058003188437971,
      0.9014214046822743,
      0.9210679819375471,
      0.8598230272143316,
      0.7968714860019208
    ],
    [
      0.8729066171923315,
      0.8600361543218686,
      0.8592379049521907,
      0.8006523635095064,
      0.648462172747887
    ],
    [
      0.9084677113454092,
      0.859218718930949,
      0.8361462537086743,
      0.8205125809442356,
      0.694015017756025
    ],
    [
      0.8889323095205448,
      0.9258271140624083,
      0.8390618368559546,
      0.7813684081201382,
      0.7529512562600797
    ]
  ],
  "config-03-gpt-2": [
    [
      0.8572851608822831,
      0.8407738544429192,
      0.8398484009994801,
      0.7626994109008498,
      0.6197323060632414
    ],
    [
      0.8838562403779796,
      0.8462446973316538,
      0.8402802227610412,
      0.8048869005390745,
      0.6258065322003941
    ],
    [
      0.8676772037486324,
      0.8348185148185148,
      0.8406976356976356,
      0.7405000951429522,
      0.5807258238837185
    ],
    [
      0.8332240900586224,
      0.8281531418222065,
      0.7953842320748796,
      0.7434964316259279,
      0.46477776776237695
    ],
    [
      0.8640751405457288,
      0.8145952087128558,
      0.8187479187479186,
      0.6930833463921698,
      0.45284203253493915
    ]
  ],
  "config-03-gpt-2-with-zero-shot": [
    [
      0.8721832923271772,
      0.8533091009709715,
      0.8383233073880556,
      0.7992039135924028,
      0.7105210654300793
    ],
    [
      0.8805305805305804,
      0.8735294093989746,
      0.8464576202427864,
      0.8130129532303446,
      0.6769333323681149
    ],
    [
      0.8895686456400742,
      0.8492147138575709,
      0.8501232101232101,
      0.7530653869939583,
      0.6259660973946688
    ],
    [
      0.8693651672068938,
      0.8581395822403016,
      0.8063532790151495,
      0.8018338341021372,
      0.5819701502586773
    ],
    [
      0.8955411130584141,
      0.8361251205541863,
      0.8473363238069119,
      0.715425832337597,
      0.5929672859819919
    ]
  ],
  "config-04-bert": [
    [
      0.9095712441036182,
      0.8950213255968652,
      0.8704500535435786,
      0.7148319024747294,
      0.6667692936207537
    ],
    [
      0.8931464670595105,
      0.8700433222172352,
      0.8306188980102024,
      0.8327411718716066,
      0.7781176008797492
    ],
    [
      0.8710729746444031,
      0.8278913150341721,
      0.8280711352139923,
      0.7772925883640169,
      0.6353379297983456
    ],
    [
      0.8552375681872084,
      0.8299976602134875,
      0.8244289283857629,
      0.80131822613837,
      0.6387479262637958
    ],
    [
      0.8711241901120793,
      0.8799741924741925,
      0.8850707299236711,
      0.7570960901843256,
      0.6483321009056303
    ]
  ],
  "config-04-bert-with-zero-shot": [
    [
      0.9197412898851748,
      0.902094588065811,
      0.8909029819101763,
      0.7813798511640238,
      0.7027921119647739
    ],
    [
      0.909799861973775,
      0.8859998767927156,
      0.8844976279758888,
      0.8419498979281589,
      0.8442101175796828
    ],
    [
      0.8865075400789686,
      0.8376767676767677,
      0.8220321741750313,
      0.7837918034346606,
      0.6710980289551718
    ],
    [
      0.8801874384608197,
      0.8364853372047616,
      0.8556142897869516,
      0.8134701030384484,
      0.7348494830509219
    ],
    [
      0.8802420330534517,
      0.8914906172259114,
      0.8861916678093148,
      0.8094072594072594,
      0.7009566822066823
    ]
  ],
  "config-05-roberta": [
    [
      0.8579169830968393,
      0.8584003127168596,
      0.8442581798696907,
      0.7529299637213305,
      0.6785584120116493
    ],
    [
      0.8670015170015171,
      0.8701203788160309,
      0.8316227251009859,
      0.8298661081269777,
      0.7468318718318718
    ],
    [
      0.8397316968745541,
      0.8508320251177394,
      0.860592264877979,
      0.7442289060146202,
      0.5355022475190542
    ],
    [
      0.8579614629974341,
      0.8163922408526726,
      0.8118315737020773,
      0.7765852852183788,
      0.5765358143055985
    ],
    [
      0.8763009049773754,
      0.8519576012223071,
      0.8784856483385894,
      0.7226510009598245,
      0.6231247918747919
    ]
  ],
  "config-05-roberta-with-zero-shot": [
    [
      0.8663128755384363,
      0.8582076995746061,
      0.850017728075282,
      0.776367637159004,
      0.7268500484327822
    ],
    [
      0.8941424517511474,
      0.8694818868731912,
      0.8540356382747687,
      0.8445147445147446,
      0.826856959465655
    ],
    [
      0.8476856476856477,
      0.8579748822605965,
      0.8682695875553018,
      0.7517713635570777,
      0.6233004046913821
    ],
    [
      0.86483778012555,
      0.8277258712510511,
      0.8089090765349757,
      0.8286058465914581,
      0.6584563318376268
    ],
    [
      0.8939361292302469,
      0.8622398842987079,
      0.8840122296004649,
      0.7784878520172637,
      0.7046897954986191
    ]
  ],
  "config-06-distillbert": [
    [
      0.8782141120270616,
      0.881022215194877,
      0.8782129940403322,
      0.7303452742301663,
      0.6904352641762713
    ],
    [
      0.8995662550010376,
      0.8488063939470589,
      0.8396817353339092,
      0.7872443176791002,
      0.7404035577948621
    ],
    [
      0.9040521383378525,
      0.8489821289821289,
      0.8206951778380349,
      0.7482046524903668,
      0.6059528053645701
    ],
    [
      0.8536830076398422,
      0.8504685961520494,
      0.8119418950354201,
      0.7847141338465925,
      0.6292628235074278
    ],
    [
      0.8894793931558638,
      0.8716158841158841,
      0.8569916194916195,
      0.7371557364204423,
      0.6189904050198168
    ]
  ],
  "config-06-distillbert-with-zero-shot": [
    [
      0.8989002204829543,
      0.8807433573620623,
      0.877381291769781,
      0.7422391616001435,
      0.7191341949065181
    ],
    [
      0.9167436428305994,
      0.854837312446008,
      0.8669972539537757,
      0.8351976324802413,
      0.7616365920713747
    ],
    [
      0.9051876694733837,
      0.8473337773337773,
      0.8390852005137719,
      0.7719009561866704,
      0.6819485673057102
    ],
    [
      0.8760587134687854,
      0.8505764020152509,
      0.8265301844438535,
      0.8067797110962578,
      0.6918108669907231
    ],
    [
      0.9042831879769596,
      0.9101043564278859,
      0.9106442577030812,
      0.7814082159670396,
      0.6962030208353738
    ]
  ],