{
  "request_user_registration_form": {
    "precision": 1.0,
    "recall": 1.0,
    "f1-score": 1.0,
    "support": 27,
    "confused_with": {}
  },
  "request_menu": {
    "precision": 0.8529411764705882,
    "recall": 0.9666666666666667,
    "f1-score": 0.90625,
    "support": 30,
    "confused_with": {
      "request_restaurants": 1
    }
  },
  "request_restaurants": {
    "precision": 0.9032258064516129,
    "recall": 0.9655172413793104,
    "f1-score": 0.9333333333333333,
    "support": 29,
    "confused_with": {
      "inform_date": 1
    }
  },
  "thank_you": {
    "precision": 0.9583333333333334,
    "recall": 0.7931034482758621,
    "f1-score": 0.8679245283018867,
    "support": 29,
    "confused_with": {
      "stop": 2,
      "logout": 1
    }
  },
  "request_opening_hours": {
    "precision": 0.9090909090909091,
    "recall": 1.0,
    "f1-score": 0.9523809523809523,
    "support": 30,
    "confused_with": {}
  },
  "deny": {
    "precision": 0.7142857142857143,
    "recall": 0.8620689655172413,
    "f1-score": 0.7812500000000001,
    "support": 29,
    "confused_with": {
      "affirm": 2,
      "stop": 1
    }
  },
  "logout": {
    "precision": 0.9523809523809523,
    "recall": 1.0,
    "f1-score": 0.975609756097561,
    "support": 20,
    "confused_with": {}
  },
  "inform_cuisine": {
    "precision": 0.8928571428571429,
    "recall": 0.8333333333333334,
    "f1-score": 0.8620689655172413,
    "support": 30,
    "confused_with": {
      "request_restaurants": 2,
      "request_cuisines": 1
    }
  },
  "user_wants_to_cancel_booking": {
    "precision": 1.0,
    "recall": 0.9655172413793104,
    "f1-score": 0.9824561403508771,
    "support": 29,
    "confused_with": {
      "user_wants_to_change_restaurant_booking": 1
    }
  },
  "inform_num_people": {
    "precision": 0.9666666666666667,
    "recall": 0.9666666666666667,
    "f1-score": 0.9666666666666667,
    "support": 30,
    "confused_with": {
      "affirm": 1
    }
  },
  "request_login_form": {
    "precision": 0.9285714285714286,
    "recall": 1.0,
    "f1-score": 0.962962962962963,
    "support": 26,
    "confused_with": {}
  },
  "affirm": {
    "precision": 0.8181818181818182,
    "recall": 0.7105263157894737,
    "f1-score": 0.7605633802816901,
    "support": 38,
    "confused_with": {
      "deny": 5,
      "goodbye": 3
    }
  },
  "stop": {
    "precision": 0.8888888888888888,
    "recall": 0.8571428571428571,
    "f1-score": 0.8727272727272727,
    "support": 28,
    "confused_with": {
      "deny": 2,
      "request_opening_hours": 1
    }
  },
  "user_wants_to_change_restaurant_booking": {
    "precision": 0.9354838709677419,
    "recall": 1.0,
    "f1-score": 0.9666666666666666,
    "support": 29,
    "confused_with": {}
  },
  "goodbye": {
    "precision": 0.7727272727272727,
    "recall": 0.6296296296296297,
    "f1-score": 0.6938775510204083,
    "support": 27,
    "confused_with": {
      "greet": 3,
      "deny": 2
    }
  },
  "inform_time": {
    "precision": 1.0,
    "recall": 0.9666666666666667,
    "f1-score": 0.983050847457627,
    "support": 30,
    "confused_with": {
      "inform_user_name": 1
    }
  },
  "request_ambiance": {
    "precision": 0.9285714285714286,
    "recall": 0.8666666666666667,
    "f1-score": 0.896551724137931,
    "support": 30,
    "confused_with": {
      "view_bookings": 1,
      "request_opening_hours": 1
    }
  },
  "inform_user_name": {
    "precision": 0.8888888888888888,
    "recall": 1.0,
    "f1-score": 0.9411764705882353,
    "support": 24,
    "confused_with": {}
  },
  "view_bookings": {
    "precision": 0.9354838709677419,
    "recall": 1.0,
    "f1-score": 0.9666666666666666,
    "support": 29,
    "confused_with": {}
  },
  "out_of_scope": {
    "precision": 0.8235294117647058,
    "recall": 0.6363636363636364,
    "f1-score": 0.717948717948718,
    "support": 22,
    "confused_with": {
      "bot_challenge": 4,
      "inform_cuisine": 3
    }
  },
  "bot_challenge": {
    "precision": 0.8076923076923077,
    "recall": 0.84,
    "f1-score": 0.8235294117647058,
    "support": 25,
    "confused_with": {
      "request_menu": 1,
      "inform_num_people": 1
    }
  },
  "inform_user_email": {
    "precision": 1.0,
    "recall": 1.0,
    "f1-score": 1.0,
    "support": 24,
    "confused_with": {}
  },
  "request_cuisines": {
    "precision": 0.9310344827586207,
    "recall": 0.9,
    "f1-score": 0.9152542372881356,
    "support": 30,
    "confused_with": {
      "request_menu": 2,
      "out_of_scope": 1
    }
  },
  "inform_user_password": {
    "precision": 1.0,
    "recall": 0.96,
    "f1-score": 0.9795918367346939,
    "support": 25,
    "confused_with": {
      "inform_date": 1
    }
  },
  "inform_permanent_language": {
    "precision": 0.9333333333333333,
    "recall": 0.9655172413793104,
    "f1-score": 0.9491525423728815,
    "support": 29,
    "confused_with": {
      "request_login_form": 1
    }
  },
  "greet": {
    "precision": 0.8148148148148148,
    "recall": 0.8148148148148148,
    "f1-score": 0.8148148148148148,
    "support": 27,
    "confused_with": {
      "affirm": 2,
      "deny": 1
    }
  },
  "inform_date": {
    "precision": 0.90625,
    "recall": 0.9666666666666667,
    "f1-score": 0.9354838709677419,
    "support": 30,
    "confused_with": {
      "request_menu": 1
    }
  },
  "accuracy": 0.9047619047619048,
  "macro avg": {
    "precision": 0.9060456859135523,
    "recall": 0.9061802984569669,
    "f1-score": 0.9039984932240619,
    "support": 756
  },
  "weighted avg": {
    "precision": 0.9051901914837046,
    "recall": 0.9047619047619048,
    "f1-score": 0.9028969587442428,
    "support": 756
  },
  "micro avg": {
    "precision": 0.9047619047619048,
    "recall": 0.9047619047619048,
    "f1-score": 0.9047619047619048,
    "support": 756
  }
}