{
  "request_user_registration_form": {
    "precision": 0.9642857142857143,
    "recall": 1.0,
    "f1-score": 0.9818181818181818,
    "support": 27,
    "confused_with": {}
  },
  "inform_user_password": {
    "precision": 1.0,
    "recall": 0.88,
    "f1-score": 0.9361702127659575,
    "support": 25,
    "confused_with": {
      "stop": 1,
      "goodbye": 1
    }
  },
  "request_login_form": {
    "precision": 0.896551724137931,
    "recall": 1.0,
    "f1-score": 0.9454545454545454,
    "support": 26,
    "confused_with": {}
  },
  "request_menu": {
    "precision": 0.9354838709677419,
    "recall": 0.9666666666666667,
    "f1-score": 0.9508196721311476,
    "support": 30,
    "confused_with": {
      "request_ambiance": 1
    }
  },
  "request_restaurants": {
    "precision": 0.9259259259259259,
    "recall": 0.8620689655172413,
    "f1-score": 0.8928571428571429,
    "support": 29,
    "confused_with": {
      "out_of_scope": 2,
      "view_bookings": 1
    }
  },
  "goodbye": {
    "precision": 0.75,
    "recall": 0.6666666666666666,
    "f1-score": 0.7058823529411765,
    "support": 27,
    "confused_with": {
      "user_wants_to_cancel_booking": 2,
      "deny": 2
    }
  },
  "user_wants_to_cancel_booking": {
    "precision": 0.9354838709677419,
    "recall": 1.0,
    "f1-score": 0.9666666666666666,
    "support": 29,
    "confused_with": {}
  },
  "inform_user_email": {
    "precision": 1.0,
    "recall": 1.0,
    "f1-score": 1.0,
    "support": 24,
    "confused_with": {}
  },
  "view_bookings": {
    "precision": 0.9333333333333333,
    "recall": 0.9655172413793104,
    "f1-score": 0.9491525423728815,
    "support": 29,
    "confused_with": {
      "user_wants_to_change_restaurant_booking": 1
    }
  },
  "inform_date": {
    "precision": 0.9090909090909091,
    "recall": 1.0,
    "f1-score": 0.9523809523809523,
    "support": 30,
    "confused_with": {}
  },
  "request_cuisines": {
    "precision": 0.8787878787878788,
    "recall": 0.9666666666666667,
    "f1-score": 0.9206349206349207,
    "support": 30,
    "confused_with": {
      "request_menu": 1
    }
  },
  "logout": {
    "precision": 1.0,
    "recall": 0.95,
    "f1-score": 0.9743589743589743,
    "support": 20,
    "confused_with": {
      "request_login_form": 1
    }
  },
  "deny": {
    "precision": 0.8888888888888888,
    "recall": 0.8275862068965517,
    "f1-score": 0.8571428571428572,
    "support": 29,
    "confused_with": {
      "affirm": 2,
      "stop": 1
    }
  },
  "inform_time": {
    "precision": 0.9655172413793104,
    "recall": 0.9333333333333333,
    "f1-score": 0.9491525423728815,
    "support": 30,
    "confused_with": {
      "goodbye": 1,
      "inform_num_people": 1
    }
  },
  "request_ambiance": {
    "precision": 0.875,
    "recall": 0.9333333333333333,
    "f1-score": 0.9032258064516129,
    "support": 30,
    "confused_with": {
      "request_opening_hours": 1,
      "request_login_form": 1
    }
  },
  "inform_user_name": {
    "precision": 0.7931034482758621,
    "recall": 0.9583333333333334,
    "f1-score": 0.8679245283018867,
    "support": 24,
    "confused_with": {
      "goodbye": 1
    }
  },
  "request_opening_hours": {
    "precision": 0.90625,
    "recall": 0.9666666666666667,
    "f1-score": 0.9354838709677419,
    "support": 30,
    "confused_with": {
      "request_menu": 1
    }
  },
  "inform_cuisine": {
    "precision": 0.896551724137931,
    "recall": 0.8666666666666667,
    "f1-score": 0.8813559322033899,
    "support": 30,
    "confused_with": {
      "request_cuisines": 2,
      "affirm": 1
    }
  },
  "affirm": {
    "precision": 0.8378378378378378,
    "recall": 0.8157894736842105,
    "f1-score": 0.8266666666666665,
    "support": 38,
    "confused_with": {
      "stop": 2,
      "request_login_form": 1
    }
  },
  "inform_permanent_language": {
    "precision": 1.0,
    "recall": 0.9310344827586207,
    "f1-score": 0.9642857142857143,
    "support": 29,
    "confused_with": {
      "stop": 1,
      "inform_time": 1
    }
  },
  "user_wants_to_change_restaurant_booking": {
    "precision": 0.9354838709677419,
    "recall": 1.0,
    "f1-score": 0.9666666666666666,
    "support": 29,
    "confused_with": {}
  },
  "stop": {
    "precision": 0.7666666666666667,
    "recall": 0.8214285714285714,
    "f1-score": 0.793103448275862,
    "support": 28,
    "confused_with": {
      "affirm": 1,
      "thank_you": 1
    }
  },
  "bot_challenge": {
    "precision": 0.88,
    "recall": 0.88,
    "f1-score": 0.88,
    "support": 25,
    "confused_with": {
      "greet": 1,
      "request_cuisines": 1
    }
  },
  "thank_you": {
    "precision": 0.8928571428571429,
    "recall": 0.8620689655172413,
    "f1-score": 0.8771929824561403,
    "support": 29,
    "confused_with": {
      "inform_user_name": 1,
      "bot_challenge": 1
    }
  },
  "out_of_scope": {
    "precision": 0.7647058823529411,
    "recall": 0.5909090909090909,
    "f1-score": 0.6666666666666667,
    "support": 22,
    "confused_with": {
      "inform_cuisine": 3,
      "bot_challenge": 2
    }
  },
  "inform_num_people": {
    "precision": 0.90625,
    "recall": 0.9666666666666667,
    "f1-score": 0.9354838709677419,
    "support": 30,
    "confused_with": {
      "stop": 1
    }
  },
  "greet": {
    "precision": 0.95,
    "recall": 0.7037037037037037,
    "f1-score": 0.8085106382978724,
    "support": 27,
    "confused_with": {
      "inform_user_name": 2,
      "affirm": 1
    }
  },
  "accuracy": 0.9021164021164021,
  "macro avg": {
    "precision": 0.9032613307726481,
    "recall": 0.9005595074738719,
    "f1-score": 0.8995947539298611,
    "support": 756
  },
  "weighted avg": {
    "precision": 0.9027033630613571,
    "recall": 0.9021164021164021,
    "f1-score": 0.9002501845713847,
    "support": 756
  },
  "micro avg": {
    "precision": 0.9021164021164021,
    "recall": 0.9021164021164021,
    "f1-score": 0.9021164021164021,
    "support": 756
  }
}