{
  "thank_you": {
    "precision": 0.9130434782608695,
    "recall": 0.7241379310344828,
    "f1-score": 0.8076923076923076,
    "support": 29,
    "confused_with": {
      "goodbye": 2,
      "logout": 1
    }
  },
  "deny": {
    "precision": 0.71875,
    "recall": 0.7931034482758621,
    "f1-score": 0.7540983606557378,
    "support": 29,
    "confused_with": {
      "affirm": 4,
      "thank_you": 1
    }
  },
  "request_opening_hours": {
    "precision": 0.9,
    "recall": 0.9,
    "f1-score": 0.9,
    "support": 30,
    "confused_with": {
      "request_ambiance": 2,
      "request_menu": 1
    }
  },
  "inform_user_name": {
    "precision": 0.8518518518518519,
    "recall": 0.9583333333333334,
    "f1-score": 0.9019607843137256,
    "support": 24,
    "confused_with": {
      "affirm": 1
    }
  },
  "user_wants_to_change_restaurant_booking": {
    "precision": 0.9666666666666667,
    "recall": 1.0,
    "f1-score": 0.983050847457627,
    "support": 29,
    "confused_with": {}
  },
  "inform_time": {
    "precision": 0.967741935483871,
    "recall": 1.0,
    "f1-score": 0.9836065573770492,
    "support": 30,
    "confused_with": {}
  },
  "user_wants_to_cancel_booking": {
    "precision": 1.0,
    "recall": 1.0,
    "f1-score": 1.0,
    "support": 29,
    "confused_with": {}
  },
  "inform_num_people": {
    "precision": 0.9655172413793104,
    "recall": 0.9333333333333333,
    "f1-score": 0.9491525423728815,
    "support": 30,
    "confused_with": {
      "inform_time": 1,
      "user_wants_to_change_restaurant_booking": 1
    }
  },
  "logout": {
    "precision": 0.9523809523809523,
    "recall": 1.0,
    "f1-score": 0.975609756097561,
    "support": 20,
    "confused_with": {}
  },
  "inform_date": {
    "precision": 0.967741935483871,
    "recall": 1.0,
    "f1-score": 0.9836065573770492,
    "support": 30,
    "confused_with": {}
  },
  "inform_cuisine": {
    "precision": 0.9642857142857143,
    "recall": 0.9,
    "f1-score": 0.9310344827586207,
    "support": 30,
    "confused_with": {
      "request_restaurants": 1,
      "request_cuisines": 1
    }
  },
  "request_cuisines": {
    "precision": 0.90625,
    "recall": 0.9666666666666667,
    "f1-score": 0.9354838709677419,
    "support": 30,
    "confused_with": {
      "request_menu": 1
    }
  },
  "out_of_scope": {
    "precision": 0.75,
    "recall": 0.6818181818181818,
    "f1-score": 0.7142857142857143,
    "support": 22,
    "confused_with": {
      "bot_challenge": 3,
      "inform_user_name": 1
    }
  },
  "stop": {
    "precision": 0.9130434782608695,
    "recall": 0.75,
    "f1-score": 0.8235294117647057,
    "support": 28,
    "confused_with": {
      "deny": 3,
      "bot_challenge": 1
    }
  },
  "greet": {
    "precision": 1.0,
    "recall": 0.7777777777777778,
    "f1-score": 0.8750000000000001,
    "support": 27,
    "confused_with": {
      "view_bookings": 1,
      "deny": 1
    }
  },
  "request_restaurants": {
    "precision": 0.9333333333333333,
    "recall": 0.9655172413793104,
    "f1-score": 0.9491525423728815,
    "support": 29,
    "confused_with": {
      "out_of_scope": 1
    }
  },
  "inform_user_email": {
    "precision": 1.0,
    "recall": 1.0,
    "f1-score": 1.0,
    "support": 24,
    "confused_with": {}
  },
  "inform_user_password": {
    "precision": 1.0,
    "recall": 0.96,
    "f1-score": 0.9795918367346939,
    "support": 25,
    "confused_with": {
      "inform_num_people": 1
    }
  },
  "goodbye": {
    "precision": 0.8076923076923077,
    "recall": 0.7777777777777778,
    "f1-score": 0.7924528301886792,
    "support": 27,
    "confused_with": {
      "deny": 2,
      "affirm": 1
    }
  },
  "inform_permanent_language": {
    "precision": 0.9310344827586207,
    "recall": 0.9310344827586207,
    "f1-score": 0.9310344827586207,
    "support": 29,
    "confused_with": {
      "affirm": 1,
      "deny": 1
    }
  },
  "request_user_registration_form": {
    "precision": 0.9642857142857143,
    "recall": 1.0,
    "f1-score": 0.9818181818181818,
    "support": 27,
    "confused_with": {}
  },
  "request_menu": {
    "precision": 0.8787878787878788,
    "recall": 0.9666666666666667,
    "f1-score": 0.9206349206349207,
    "support": 30,
    "confused_with": {
      "out_of_scope": 1
    }
  },
  "request_login_form": {
    "precision": 0.9629629629629629,
    "recall": 1.0,
    "f1-score": 0.9811320754716981,
    "support": 26,
    "confused_with": {}
  },
  "bot_challenge": {
    "precision": 0.8275862068965517,
    "recall": 0.96,
    "f1-score": 0.888888888888889,
    "support": 25,
    "confused_with": {
      "request_restaurants": 1
    }
  },
  "affirm": {
    "precision": 0.8048780487804879,
    "recall": 0.868421052631579,
    "f1-score": 0.8354430379746836,
    "support": 38,
    "confused_with": {
      "deny": 2,
      "goodbye": 2
    }
  },
  "request_ambiance": {
    "precision": 0.9285714285714286,
    "recall": 0.8666666666666667,
    "f1-score": 0.896551724137931,
    "support": 30,
    "confused_with": {
      "request_menu": 2,
      "request_opening_hours": 1
    }
  },
  "view_bookings": {
    "precision": 0.9666666666666667,
    "recall": 1.0,
    "f1-score": 0.983050847457627,
    "support": 29,
    "confused_with": {}
  },
  "accuracy": 0.9140211640211641,
  "macro avg": {
    "precision": 0.916410084621849,
    "recall": 0.9141205392637133,
    "f1-score": 0.9132541689466492,
    "support": 756
  },
  "weighted avg": {
    "precision": 0.9160515525959585,
    "recall": 0.9140211640211641,
    "f1-score": 0.9130521031633466,
    "support": 756
  },
  "micro avg": {
    "precision": 0.9140211640211641,
    "recall": 0.9140211640211641,
    "f1-score": 0.9140211640211641,
    "support": 756
  }
}