{
  "config_default_with_hybrid_intent-clf": [
    [
      0.8355884247331616,
      0.843672226895911,
      0.7938379602853287,
      0.6583982172797962,
      0.6268262654098566
    ],
    [
      0.8296745609052111,
      0.8489250880698248,
      0.8133997946497945,
      0.785444453207611,
      0.6370019150367854
    ],
    [
      0.8155508599587545,
      0.7947843410085972,
      0.8072075585233479,
      0.7566831302512417,
      0.6837475047583814
    ],
    [
      0.8644982898078875,
      0.8266898048631793,
      0.7375076677708257,
      0.7323563863037547,
      0.6979602054292456
    ],
    [
      0.844082892941252,
      0.8294377041087567,
      0.8258590459248353,
      0.7411218554407409,
      0.5896798377061534
    ]
  ],
  "config_default": [
    [
      0.843308889863599,
      0.833042943898207,
      0.76450798943059,
      0.6376551338238643,
      0.5569790317927066
    ],
    [
      0.8296745609052111,
      0.8260074355469091,
      0.8075389114669299,
      0.7728513445618709,
      0.6031529529981542
    ],
    [
      0.7808020196178089,
      0.7986534981672281,
      0.8003922132038475,
      0.6941755612808244,
      0.561867930830779
    ],
    [
      0.8415109744057112,
      0.819917359042746,
      0.7494857846831531,
      0.6955731403099823,
      0.5875193906540656
    ],
    [
      0.8286693591066655,
      0.8298662229583282,
      0.804316261224156,
      0.725274983014921,
      0.49554837577283395
    ]
  ]
}