{
  "config-default": [
    [
      0.8401654192230108,
      0.8446327668840756,
      0.7449988638470312,
      0.7242051578439013,
      0.5133051939334662
    ],
    [
      0.8159204270906398,
      0.8065311756801119,
      0.7901558547835142,
      0.7364855593578997,
      0.6039218759963441
    ],
    [
      0.7976223794968518,
      0.79555075518346,
      0.7140922701153491,
      0.6930146104013257,
      0.5855666318233163
    ]
  ],
  "config-spaCy-lg": [
    [
      0.8639267800262564,
      0.870254265804004,
      0.7922928729211451,
      0.7291432620351621,
      0.5112875139438121
    ],
    [
      0.8706467291573674,
      0.8545244648968052,
      0.8286070312666056,
      0.7706393488308382,
      0.599665553123
    ],
    [
      0.8599962129373895,
      0.8275159184250093,
      0.7743382652788127,
      0.7555653069100694,
      0.5216575951398222
    ]
  ],
  "config-spaCy-md": [
    [
      0.8518361219931899,
      0.8457440465293867,
      0.8059699462840824,
      0.7449744554456595,
      0.5025158406449639
    ],
    [
      0.856138542308755,
      0.8085605293052103,
      0.8317795679497806,
      0.7628678441569555,
      0.5984537625495072
    ],
    [
      0.8540069852904079,
      0.8297922962361465,
      0.7596062635068611,
      0.7014022789974347,
      0.5181823633413839
    ]
  ],
  "config-spaCy-sm": [
    [
      0.8448646757547281,
      0.844925842046261,
      0.7989465740774641,
      0.7079335508962857,
      0.5276810878702503
    ],
    [
      0.8389662051896095,
      0.8186754144200952,
      0.7792143140547396,
      0.7422916327171646,
      0.6222419789222041
    ],
    [
      0.8164752656731266,
      0.7895381950194784,
      0.7161392380643717,
      0.7116437679342267,
      0.6239944250639438
    ]
  ],
  "config-spaCy-trf": [
    [
      0.8406902203637651,
      0.8462522848263532,
      0.7920145009150246,
      0.7338353327882123,
      0.5377207588633519
    ],
    [
      0.8324358856273749,
      0.8077345526813613,
      0.7825399777527438,
      0.7551352311990609,
      0.5704138208127569
    ],
    [
      0.7786123311594744,
      0.79823537003385,
      0.7427683183266699,
      0.7402115264414729,
      0.636018238865046
    ]
  ]
}