{
  "config": [
    [
      0.9058646032330243,
      0.8515535268824742,
      0.8585712167949011,
      0.7814894921899566,
      0.7236532723201697
    ],
    [
      0.9162881343802397,
      0.9082405533063428,
      0.8944652225998977,
      0.8411583385654593,
      0.6827034291817573
    ],
    [
      0.9005915502626027,
      0.8982108685088561,
      0.8446105086004467,
      0.7891064710143658,
      0.7438984626484626
    ],
    [
      0.9211903228350596,
      0.9003431875142401,
      0.8760557059899166,
      0.8220855898487477,
      0.7536660192232948
    ],
    [
      0.9319265529791847,
      0.9256134216660534,
      0.8895683650714611,
      0.8365778227620332,
      0.7162149361646266
    ]
  ],
  "config_default": [
    [
      0.8239190816493448,
      0.8223444318839055,
      0.7902649573508707,
      0.6414496666044652,
      0.5037859879018018
    ],
    [
      0.8349466323150533,
      0.8582609663298518,
      0.8073075681628312,
      0.7967254602123023,
      0.49344776740287577
    ],
    [
      0.8222842100958444,
      0.8307349083664872,
      0.8009210453289402,
      0.7352146756752019,
      0.5542732987301214
    ],
    [
      0.8711133165080533,
      0.7998065530960268,
      0.7921369566106408,
      0.7673673183541603,
      0.5847737884614616
    ],
    [
      0.8475993670072617,
      0.820655258484206,
      0.7583950406318827,
      0.7480555993713888,
      0.514652171443967
    ]
  ]
}