{
  "config-02-gpt": [
    [
      0.9019527917338136,
      0.9107009778542626,
      0.8121235212476088,
      0.8491121373259629,
      0.6597888586295628
    ],
    [
      0.8976355307182374,
      0.8816208019215538,
      0.853279886362593,
      0.7753768018904544,
      0.6517825287396274
    ],
    [
      0.8872442880286018,
      0.8779414098368347,
      0.8239655406322073,
      0.810270593603927,
      0.6756597312152868
    ],
    [
      0.9104612803574741,
      0.9007884272590154,
      0.8599376114081996,
      0.8568503392032804,
      0.6897114323584912
    ],
    [
      0.8829387859238605,
      0.848458755175173,
      0.7991734633525679,
      0.8200740387307551,
      0.6504628870300512
    ]
  ],
  "config-02-gpt-with-zero-shot": [
    [
      0.9192809623466558,
      0.9271706395793988,
      0.8375691623866806,
      0.8347781172598691,
      0.6685020575531524
    ],
    [
      0.9080461727078268,
      0.8812963143790212,
      0.8592288246423584,
      0.8068619767867887,
      0.6759226325789792
    ],
    [
      0.8866377244155023,
      0.8879783590894702,
      0.8343833218343022,
      0.8300788511899623,
      0.7044051421829199
    ],
    [
      0.9249637713305534,
      0.916451359098418,
      0.8858643807173219,
      0.8639114969997324,
      0.7415128532559327
    ],
    [
      0.8903260918186291,
      0.8563091137718004,
      0.8351657049418243,
      0.8338183375496809,
      0.6569693311837852
    ]
  ],
  "config-03-gpt-2": [
    [
      0.8790179001857834,
      0.8765366425950367,
      0.8439519118351235,
      0.8030866943275701,
      0.6567971214340788
    ],
    [
      0.8532076198874774,
      0.870247296563086,
      0.8174918648602859,
      0.7524356178491516,
      0.6947870008020384
    ],
    [
      0.8995614262280929,
      0.8694507138951584,
      0.8263821799115916,
      0.7673156086227981,
      0.6621488388155055
    ],
    [
      0.9034774961678075,
      0.8925883348677467,
      0.8410327825769003,
      0.8269068349950702,
      0.6532693806881112
    ],
    [
      0.8453777151538344,
      0.8484779731048386,
      0.7753465440032605,
      0.7850171387484821,
      0.6580783230036961
    ]
  ],
  "config-03-gpt-2-with-zero-shot": [
    [
      0.8725835397368245,
      0.8908001973695404,
      0.8481528204155941,
      0.813919819029308,
      0.6861937055559799
    ],
    [
      0.8765191366695125,
      0.8883093602523756,
      0.8265696709305732,
      0.8341559025769552,
      0.6493963135493431
    ],
    [
      0.8710729623801519,
      0.8623430890097556,
      0.8035305435305435,
      0.7786011519344853,
      0.7062379379338444
    ],
    [
      0.9103472507884273,
      0.9186323480441128,
      0.8469102062368316,
      0.8147473033502446,
      0.6903390726920139
    ],
    [
      0.8697110103826522,
      0.8845303949781562,
      0.7994499695992233,
      0.7785322471889636,
      0.6460085641604517
    ]
  ],
  "config-04-bert": [
    [
      0.897330892951331,
      0.9283934232839343,
      0.8822554574379391,
      0.8196276101170906,
      0.68972414446867
    ],
    [
      0.8739436002593898,
      0.8988552053846871,
      0.8362762968026126,
      0.8098956181662949,
      0.6607397614916412
    ],
    [
      0.8946229659955149,
      0.8929201420704688,
      0.844629289858048,
      0.8027467715049414,
      0.6550935484268817
    ],
    [
      0.9256070318570319,
      0.9394916358151653,
      0.8679510848628496,
      0.86454412561679,
      0.7296196450608214
    ],
    [
      0.885584026255668,
      0.8527890020427334,
      0.8551850305581649,
      0.8087140057289312,
      0.670750145377011
    ]
  ],
  "config-04-bert-with-zero-shot": [
    [
      0.9046245725077842,
      0.9283934232839343,
      0.8918942371497115,
      0.8272267878107293,
      0.73585344096293
    ],
    [
      0.8739436002593898,
      0.8989959080184644,
      0.8785377947032083,
      0.8176164785629624,
      0.7026841579473158
    ],
    [
      0.9093726607452096,
      0.934551761479866,
      0.8510233799122688,
      0.859067163773046,
      0.7428155664997771
    ],
    [
      0.9402052196169842,
      0.9318950417133808,
      0.8883253760848917,
      0.8708895765397313,
      0.7861755171011225
    ],
    [
      0.8700889906113787,
      0.8572820214611259,
      0.8590143687158611,
      0.7985177879383323,
      0.6966196738584798
    ]
  ],
  "config-05-roberta": [
    [
      0.9027786487640502,
      0.879943049651079,
      0.8565711660602171,
      0.8163120334653181,
      0.64417832775497
    ],
    [
      0.8802029632856702,
      0.8901881743987007,
      0.8352005653199814,
      0.8103994167903942,
      0.6982167373144816
    ],
    [
      0.8999646032979365,
      0.8662040839818617,
      0.8198168087056975,
      0.8162378362378362,
      0.6403803361973297
    ],
    [
      0.8975823196411431,
      0.8727687345334404,
      0.8227235183117536,
      0.8043361986917351,
      0.736729855112208
    ],
    [
      0.8683988068316426,
      0.8581086823624138,
      0.7867966610503924,
      0.7894940880015506,
      0.6323662363390194
    ]
  ],
  "config-05-roberta-with-zero-shot": [
    [
      0.9116578474242708,
      0.9037576778452691,
      0.8659469484287002,
      0.8317450189712964,
      0.696729223736523
    ],
    [
      0.9007093157469097,
      0.9074598505823628,
      0.8490415884954864,
      0.8433792606724938,
      0.7384842392361189
    ],
    [
      0.907482805260583,
      0.8842018886463331,
      0.856021756021756,
      0.8239907417685195,
      0.7025428650265252
    ],
    [
      0.91154286889581,
      0.887511222437693,
      0.8490892373677842,
      0.8264382676147382,
      0.8057309606458214
    ],
    [
      0.8682644055778383,
      0.8581086823624138,
      0.8037791396000351,
      0.8022744668267057,
      0.6708308689651974
    ]
  ],
  "config-06-distillbert": [
    [
      0.8899945553230225,
      0.8916148733666981,
      0.8706441166295181,
      0.8811192457177859,
      0.6653868840000227
    ],
    [
      0.9013969911360447,
      0.9234895430384151,
      0.8841366407929875,
      0.7812032996243522,
      0.6924427579889765
    ],
    [
      0.876289891611529,
      0.9297604622441223,
      0.8321550877106432,
      0.7597224997224996,
      0.6722671632028356
    ],
    [
      0.8979304360575986,
      0.9026001776001775,
      0.8630708752032281,
      0.8403473160826102,
      0.7296923664570723
    ],
    [
      0.8748031818927342,
      0.8340291549246773,
      0.798675950914757,
      0.825636216285909,
      0.6972881778742183
    ]
  ],
  "config-06-distillbert-with-zero-shot": [
    [
      0.8972493848406258,
      0.8843345624367522,
      0.8963179561719707,
      0.8723344781738942,
      0.6906906961651487
    ],
    [
      0.908855030173031,
      0.9149807585897811,
      0.9072714007698527,
      0.8119197010174455,
      0.7276152419009562
    ],
    [
      0.9193441707167197,
      0.9197279022115623,
      0.8872434150211927,
      0.7900145122367345,
      0.7388109107063354
    ],
    [
      0.9059640690912317,
      0.9186174936174937,
      0.9091091914621328,
      0.8621735386873796,
      0.7540554302938203
    ],
    [
      0.8847536377387124,
      0.8479952882937958,
      0.7868403569896107,
      0.8445105474956223,
      0.7150721583557403
    ]
  ],