{
  "config-01": [
    [
      0.8713084017431844,
      0.881122259383129,
      0.8482476460737329,
      0.7799235386191908,
      0.7482601536949363
    ],
    [
      0.8798821616339865,
      0.8733368820960062,
      0.8710063277688869,
      0.8190676869124814,
      0.6778594574644382
    ],
    [
      0.9192627939136616,
      0.8710042954647271,
      0.8493046521823499,
      0.8377940205278335,
      0.7364358662919813
    ]
  ],
  "config-02-gpt": [
    [
      0.9026022286891852,
      0.9027471723123898,
      0.8960255217927853,
      0.8943138986617247,
      0.7532859250250555
    ],
    [
      0.9252120237951067,
      0.924153988752529,
      0.8728645668534032,
      0.8867351245195815,
      0.7302396711155834
    ],
    [
      0.9338096839422095,
      0.9328527461431664,
      0.9280333575297605,
      0.8677333857189972,
      0.7545756202231022
    ]
  ],
  "config-03-gpt-2": [
    [
      0.9031229639925292,
      0.8950913820479037,
      0.8592395527178135,
      0.8285037426341775,
      0.7363496406974668
    ],
    [
      0.9111433983696757,
      0.8751007305751832,
      0.8531995174330941,
      0.7779435862473534,
      0.6657129569538328
    ],
    [
      0.8704923092142728,
      0.912501886602606,
      0.861895658298536,
      0.8389741353770129,
      0.7216828734814347
    ]
  ],
  "config-04-bert": [
    [
      0.9111807677025069,
      0.9108839630578762,
      0.8678677295045581,
      0.8364636689444873,
      0.7545566373571488
    ],
    [
      0.9117874825904022,
      0.9079781532336276,
      0.9082264045767696,
      0.8801714100984173,
      0.7233394104583456
    ],
    [
      0.9354246966180949,
      0.9078276639427718,
      0.9052405627945196,
      0.8618758022905293,
      0.7764858823036429
    ]
  ],
  "config-05-roberta": [
    [
      0.9000465008137642,
      0.8930481756568713,
      0.868907340646471,
      0.828214910503913,
      0.7487437683089857
    ],
    [
      0.891190075131681,
      0.8445584828796507,
      0.8656991021954524,
      0.7904099955194845,
      0.7264503541875805
    ],
    [
      0.9112760141537118,
      0.9119190585123721,
      0.8902064362496016,
      0.8636350460091466,
      0.7493727695166544
    ]
  ],
  "config-06-distillbert": [
    [
      0.896486122573079,
      0.9102905241012658,
      0.8679590136111874,
      0.8514074174829325,
      0.7769505856462379
    ],
    [
      0.9212790048556473,
      0.920651894739486,
      0.8967632529676326,
      0.8581999937946697,
      0.7600901394849553
    ],
    [
      0.9346414576630404,
      0.9202591173814194,
      0.9356700853103732,
      0.8462729117405376,
      0.791514228545656
    ]
  ],
  "config-07-xlnet": [
    [
      0.8993089036567298,
      0.8984390408303451,
      0.8881057845252219,
      0.7846648118387248,
      0.6667029427898993
    ],
    [
      0.8785820424506555,
      0.8971018843281616,
      0.8518903642991233,
      0.7405723613892823,
      0.6600442422898413
    ],
    [
      0.919032206801991,
      0.8608336507617084,
      0.8989063694099665,
      0.8286241336601048,
      0.7127700437052954
    ]
  ],
  "config-08-spacy-lg": [
    [
      0.9211741157393332,
      0.9101306101306101,
      0.8824902150989108,
      0.8063053291314161,
      0.701350392526863
    ],
    [
      0.9106487186779157,
      0.83481968153501,
      0.8610741245777742,
      0.8413739545126406,
      0.6404097691345437
    ],
    [
      0.9269856442518314,
      0.9147817809688313,
      0.891797770574749,
      0.8282248127571868,
      0.73868066386052
    ]
  ],
  "config-09-spacy-trf": [
    [
      0.8824775868254129,
      0.867989943181759,
      0.8710114456917526,
      0.8224320767799028,
      0.7373007427355254
    ],
    [
      0.9096086395356469,
      0.8959740178718281,
      0.8676907463511156,
      0.8200378291619167,
      0.7268849965930257
    ],
    [
      0.8892148618767323,
      0.8763610490229194,
      0.8978513093621007,
      0.781090053032499,
      0.750866626746975
    ]
  ]
}