{
  "config_": [
    [
      0.827072846638064,
      0.8917969309273658,
      0.9000695761565326,
      0.7593594361497175,
      0.7266815310293571
    ],
    [
      0.8437997992345818,
      0.8366067507371856,
      0.8232209819166341,
      0.7668989625511364,
      0.5983919384982785
    ],
    [
      0.8801742375271787,
      0.8518532553567155,
      0.8589138802374097,
      0.7612958528399706,
      0.7547456652344195
    ],
    [
      0.849760790767985,
      0.8661300894055867,
      0.8285810512429217,
      0.7612458684401131,
      0.6413641725744984
    ],
    [
      0.9007090540178775,
      0.8787924493806847,
      0.8153764128028833,
      0.8005273729538436,
      0.6614680374412208
    ]
  ],
  "config_with_zero_shot": [
    [
      0.8420028441767572,
      0.9053888945193294,
      0.9000695761565326,
      0.7743146547494373,
      0.7443070616983659
    ],
    [
      0.8612333318855058,
      0.8514822134387352,
      0.8383981960068916,
      0.7738533608098825,
      0.6247693664775371
    ],
    [
      0.8959290709290708,
      0.8518532553567155,
      0.8735172507231331,
      0.780859010270775,
      0.755647416309181
    ],
    [
      0.8624921042187229,
      0.8662569245303058,
      0.8284315604459489,
      0.7715514701126212,
      0.6551292033306421
    ],
    [
      0.9222045111750994,
      0.8961507038712921,
      0.8487568395656631,
      0.835267959165018,
      0.6933882534228554
    ]
  ]
}