{
  "request_opening_hours": {
    "precision": 0.9333333333333333,
    "recall": 0.9333333333333333,
    "f1-score": 0.9333333333333333,
    "support": 30,
    "confused_with": {
      "request_menu": 1,
      "request_ambiance": 1
    }
  },
  "affirm": {
    "precision": 0.8484848484848485,
    "recall": 0.7368421052631579,
    "f1-score": 0.7887323943661972,
    "support": 38,
    "confused_with": {
      "deny": 5,
      "goodbye": 2
    }
  },
  "out_of_scope": {
    "precision": 0.9375,
    "recall": 0.6818181818181818,
    "f1-score": 0.7894736842105263,
    "support": 22,
    "confused_with": {
      "bot_challenge": 3,
      "inform_cuisine": 1
    }
  },
  "deny": {
    "precision": 0.6944444444444444,
    "recall": 0.8620689655172413,
    "f1-score": 0.7692307692307692,
    "support": 29,
    "confused_with": {
      "affirm": 2,
      "thank_you": 1
    }
  },
  "user_wants_to_cancel_booking": {
    "precision": 0.9666666666666667,
    "recall": 1.0,
    "f1-score": 0.983050847457627,
    "support": 29,
    "confused_with": {}
  },
  "logout": {
    "precision": 0.9523809523809523,
    "recall": 1.0,
    "f1-score": 0.975609756097561,
    "support": 20,
    "confused_with": {}
  },
  "inform_user_name": {
    "precision": 0.8571428571428571,
    "recall": 1.0,
    "f1-score": 0.923076923076923,
    "support": 24,
    "confused_with": {}
  },
  "bot_challenge": {
    "precision": 0.8846153846153846,
    "recall": 0.92,
    "f1-score": 0.9019607843137256,
    "support": 25,
    "confused_with": {
      "stop": 1,
      "inform_cuisine": 1
    }
  },
  "inform_date": {
    "precision": 0.9375,
    "recall": 1.0,
    "f1-score": 0.967741935483871,
    "support": 30,
    "confused_with": {}
  },
  "request_user_registration_form": {
    "precision": 0.9642857142857143,
    "recall": 1.0,
    "f1-score": 0.9818181818181818,
    "support": 27,
    "confused_with": {}
  },
  "request_ambiance": {
    "precision": 0.8484848484848485,
    "recall": 0.9333333333333333,
    "f1-score": 0.888888888888889,
    "support": 30,
    "confused_with": {
      "request_opening_hours": 1,
      "request_login_form": 1
    }
  },
  "request_cuisines": {
    "precision": 0.967741935483871,
    "recall": 1.0,
    "f1-score": 0.9836065573770492,
    "support": 30,
    "confused_with": {}
  },
  "view_bookings": {
    "precision": 0.90625,
    "recall": 1.0,
    "f1-score": 0.9508196721311475,
    "support": 29,
    "confused_with": {}
  },
  "inform_cuisine": {
    "precision": 0.9285714285714286,
    "recall": 0.8666666666666667,
    "f1-score": 0.896551724137931,
    "support": 30,
    "confused_with": {
      "request_ambiance": 2,
      "logout": 1
    }
  },
  "inform_user_password": {
    "precision": 1.0,
    "recall": 0.96,
    "f1-score": 0.9795918367346939,
    "support": 25,
    "confused_with": {
      "inform_num_people": 1
    }
  },
  "greet": {
    "precision": 0.9130434782608695,
    "recall": 0.7777777777777778,
    "f1-score": 0.84,
    "support": 27,
    "confused_with": {
      "view_bookings": 1,
      "request_ambiance": 1
    }
  },
  "stop": {
    "precision": 0.8461538461538461,
    "recall": 0.7857142857142857,
    "f1-score": 0.8148148148148148,
    "support": 28,
    "confused_with": {
      "deny": 3,
      "affirm": 1
    }
  },
  "request_menu": {
    "precision": 0.967741935483871,
    "recall": 1.0,
    "f1-score": 0.9836065573770492,
    "support": 30,
    "confused_with": {}
  },
  "inform_permanent_language": {
    "precision": 1.0,
    "recall": 1.0,
    "f1-score": 1.0,
    "support": 29,
    "confused_with": {}
  },
  "request_restaurants": {
    "precision": 1.0,
    "recall": 0.9310344827586207,
    "f1-score": 0.9642857142857143,
    "support": 29,
    "confused_with": {
      "inform_date": 1,
      "out_of_scope": 1
    }
  },
  "request_login_form": {
    "precision": 0.896551724137931,
    "recall": 1.0,
    "f1-score": 0.9454545454545454,
    "support": 26,
    "confused_with": {}
  },
  "thank_you": {
    "precision": 0.9565217391304348,
    "recall": 0.7586206896551724,
    "f1-score": 0.8461538461538461,
    "support": 29,
    "confused_with": {
      "stop": 2,
      "inform_user_name": 1
    }
  },
  "goodbye": {
    "precision": 0.8461538461538461,
    "recall": 0.8148148148148148,
    "f1-score": 0.830188679245283,
    "support": 27,
    "confused_with": {
      "deny": 2,
      "affirm": 1
    }
  },
  "inform_time": {
    "precision": 0.967741935483871,
    "recall": 1.0,
    "f1-score": 0.9836065573770492,
    "support": 30,
    "confused_with": {}
  },
  "inform_user_email": {
    "precision": 1.0,
    "recall": 1.0,
    "f1-score": 1.0,
    "support": 24,
    "confused_with": {}
  },
  "user_wants_to_change_restaurant_booking": {
    "precision": 1.0,
    "recall": 0.9310344827586207,
    "f1-score": 0.9642857142857143,
    "support": 29,
    "confused_with": {
      "view_bookings": 2
    }
  },
  "inform_num_people": {
    "precision": 0.9375,
    "recall": 1.0,
    "f1-score": 0.967741935483871,
    "support": 30,
    "confused_with": {}
  },
  "accuracy": 0.9206349206349206,
  "macro avg": {
    "precision": 0.92440040439626,
    "recall": 0.9219651525707854,
    "f1-score": 0.9205046538198635,
    "support": 756
  },
  "weighted avg": {
    "precision": 0.9232666881004016,
    "recall": 0.9206349206349206,
    "f1-score": 0.9193852144344873,
    "support": 756
  },
  "micro avg": {
    "precision": 0.9206349206349206,
    "recall": 0.9206349206349206,
    "f1-score": 0.9206349206349206,
    "support": 756
  }
}