{
  "config-01": [
    [
      0.8498786344374579,
      0.8366570929070929,
      0.8013964889397416,
      0.7758368265721207,
      0.696136339151045
    ],
    [
      0.8662564523878392,
      0.8401165339121544,
      0.8158137077845107,
      0.7655519662818933,
      0.6347165739179478
    ],
    [
      0.8824835295423531,
      0.8808313370597108,
      0.8561998819135497,
      0.8014913062513682,
      0.6962751983569646
    ]
  ],
  "config-02-gpt": [
    [
      0.9056803898715664,
      0.9050891596363732,
      0.8489982648070883,
      0.795435691759221,
      0.7529415523417072
    ],
    [
      0.9255164543485711,
      0.8798680638096696,
      0.8511345912805766,
      0.7984381798250411,
      0.6689265739725911
    ],
    [
      0.8917701579466285,
      0.8904961820186734,
      0.8541949880185173,
      0.8277057093233564,
      0.7101218514280798
    ]
  ],
  "config-03-gpt-2": [
    [
      0.8696401397525965,
      0.8864279103249693,
      0.8384009060912175,
      0.7813844243991304,
      0.6512870299635006
    ],
    [
      0.9122763692106758,
      0.8660534113088858,
      0.8473458415064254,
      0.7821981701329062,
      0.6170558319119934
    ],
    [
      0.9472210795740208,
      0.9025926687691394,
      0.8618242052065582,
      0.7775845478051361,
      0.7006475537706187
    ]
  ],
  "config-04-bert": [
    [
      0.9169526551879493,
      0.9245078042872159,
      0.8743184511566865,
      0.8491488087076322,
      0.7068596028154852
    ],
    [
      0.9057849692886187,
      0.9038620746649942,
      0.8715144952371229,
      0.7799734734041303,
      0.6502642484179625
    ],
    [
      0.9207733947137061,
      0.9228970472050056,
      0.8665635834753482,
      0.86392859591389,
      0.7383824268772365
    ]
  ],
  "config-05-roberta": [
    [
      0.8942504799122446,
      0.8729321332262509,
      0.8377626866597455,
      0.8261946386946386,
      0.7225878696466931
    ],
    [
      0.9121302055608624,
      0.8548622504826884,
      0.8262467459547751,
      0.800095524913043,
      0.6391820216423051
    ],
    [
      0.9022051093850402,
      0.8947532859297566,
      0.8652690446808093,
      0.8038392163392163,
      0.7045879365732306
    ]
  ],
  "config-06-distillbert": [
    [
      0.8621129687306158,
      0.9102850666705156,
      0.8688094177064766,
      0.8173521009434321,
      0.7222304656128185
    ],
    [
      0.8987985250758973,
      0.876433461104994,
      0.8738092402325979,
      0.7967882482481021,
      0.6998926816230381
    ],
    [
      0.9400566753507931,
      0.9026229897553426,
      0.8595507433742727,
      0.8598716234745647,
      0.722432469491293
    ]
  ],
  "config-07-xlnet": [
    [
      0.8552015794662853,
      0.8454522769617926,
      0.8397245416060294,
      0.769274748299516,
      0.5868668096609273
    ],
    [
      0.8961845534838236,
      0.8895616954011114,
      0.8355253019486596,
      0.7523720804742702,
      0.5533731475337315
    ],
    [
      0.856687185363656,
      0.8502218369865427,
      0.8323344955697898,
      0.8042543649161296,
      0.6612091340032515
    ]
  ],
  "config-08-spacy-lg": [
    [
      0.8444941664448584,
      0.8972783430020271,
      0.8436464439059596,
      0.8236974218591865,
      0.66466956246368
    ],
    [
      0.8754399696005535,
      0.8958703097389227,
      0.8747398181704751,
      0.790507517386006,
      0.5940350403854053
    ],
    [
      0.9235920533714651,
      0.9320738085443968,
      0.871636615018968,
      0.8356722525840172,
      0.7125226201134506
    ]
  ],
  "config-09-spacy-trf": [
    [
      0.8737945963565158,
      0.8496547247901736,
      0.8413219949984656,
      0.7913075894693542,
      0.7051839500368912
    ],
    [
      0.8908217992588968,
      0.8357987916382077,
      0.7956616781434299,
      0.7669731728125889,
      0.5722661933267342
    ],
    [
      0.9112408832997069,
      0.9099277380635512,
      0.8231119442840895,
      0.7988222657772832,
      0.6959879989291754
    ]
  ]
}