{
  "request_restaurants": {
    "precision": 0.896551724137931,
    "recall": 0.896551724137931,
    "f1-score": 0.896551724137931,
    "support": 29,
    "confused_with": {
      "view_bookings": 1,
      "inform_date": 1
    }
  },
  "inform_num_people": {
    "precision": 0.9655172413793104,
    "recall": 0.9333333333333333,
    "f1-score": 0.9491525423728815,
    "support": 30,
    "confused_with": {
      "deny": 1,
      "request_restaurants": 1
    }
  },
  "inform_permanent_language": {
    "precision": 0.9666666666666667,
    "recall": 1.0,
    "f1-score": 0.983050847457627,
    "support": 29,
    "confused_with": {}
  },
  "deny": {
    "precision": 0.7142857142857143,
    "recall": 0.7407407407407407,
    "f1-score": 0.7272727272727273,
    "support": 27,
    "confused_with": {
      "affirm": 2,
      "stop": 2
    }
  },
  "request_opening_hours": {
    "precision": 0.875,
    "recall": 0.9333333333333333,
    "f1-score": 0.9032258064516129,
    "support": 30,
    "confused_with": {
      "request_menu": 1,
      "request_ambiance": 1
    }
  },
  "inform_time": {
    "precision": 1.0,
    "recall": 1.0,
    "f1-score": 1.0,
    "support": 30,
    "confused_with": {}
  },
  "request_cuisines": {
    "precision": 0.90625,
    "recall": 1.0,
    "f1-score": 0.9508196721311475,
    "support": 29,
    "confused_with": {}
  },
  "request_menu": {
    "precision": 0.8666666666666667,
    "recall": 0.8666666666666667,
    "f1-score": 0.8666666666666667,
    "support": 30,
    "confused_with": {
      "stop": 1,
      "request_opening_hours": 1
    }
  },
  "logout": {
    "precision": 1.0,
    "recall": 0.95,
    "f1-score": 0.9743589743589743,
    "support": 20,
    "confused_with": {
      "request_login_form": 1
    }
  },
  "request_ambiance": {
    "precision": 0.875,
    "recall": 0.9333333333333333,
    "f1-score": 0.9032258064516129,
    "support": 30,
    "confused_with": {
      "request_opening_hours": 1,
      "request_login_form": 1
    }
  },
  "thank_you": {
    "precision": 0.896551724137931,
    "recall": 0.896551724137931,
    "f1-score": 0.896551724137931,
    "support": 29,
    "confused_with": {
      "view_bookings": 1,
      "stop": 1
    }
  },
  "inform_date": {
    "precision": 0.9375,
    "recall": 1.0,
    "f1-score": 0.967741935483871,
    "support": 30,
    "confused_with": {}
  },
  "goodbye": {
    "precision": 0.7391304347826086,
    "recall": 0.6071428571428571,
    "f1-score": 0.6666666666666666,
    "support": 28,
    "confused_with": {
      "greet": 3,
      "affirm": 2
    }
  },
  "inform_cuisine": {
    "precision": 1.0,
    "recall": 0.8,
    "f1-score": 0.888888888888889,
    "support": 30,
    "confused_with": {
      "out_of_scope": 1,
      "request_restaurants": 1
    }
  },
  "user_wants_to_change_restaurant_booking": {
    "precision": 1.0,
    "recall": 1.0,
    "f1-score": 1.0,
    "support": 29,
    "confused_with": {}
  },
  "view_bookings": {
    "precision": 0.8787878787878788,
    "recall": 1.0,
    "f1-score": 0.9354838709677419,
    "support": 29,
    "confused_with": {}
  },
  "stop": {
    "precision": 0.8148148148148148,
    "recall": 0.7857142857142857,
    "f1-score": 0.7999999999999999,
    "support": 28,
    "confused_with": {
      "affirm": 1,
      "thank_you": 1
    }
  },
  "user_wants_to_cancel_booking": {
    "precision": 1.0,
    "recall": 1.0,
    "f1-score": 1.0,
    "support": 29,
    "confused_with": {}
  },
  "request_user_registration_form": {
    "precision": 0.9642857142857143,
    "recall": 1.0,
    "f1-score": 0.9818181818181818,
    "support": 27,
    "confused_with": {}
  },
  "out_of_scope": {
    "precision": 0.9130434782608695,
    "recall": 0.7777777777777778,
    "f1-score": 0.84,
    "support": 27,
    "confused_with": {
      "bot_challenge": 2,
      "request_ambiance": 2
    }
  },
  "greet": {
    "precision": 0.7777777777777778,
    "recall": 0.7777777777777778,
    "f1-score": 0.7777777777777778,
    "support": 27,
    "confused_with": {
      "view_bookings": 2,
      "affirm": 2
    }
  },
  "request_login_form": {
    "precision": 0.896551724137931,
    "recall": 1.0,
    "f1-score": 0.9454545454545454,
    "support": 26,
    "confused_with": {}
  },
  "bot_challenge": {
    "precision": 0.9032258064516129,
    "recall": 1.0,
    "f1-score": 0.9491525423728813,
    "support": 28,
    "confused_with": {}
  },
  "affirm": {
    "precision": 0.7714285714285715,
    "recall": 0.6923076923076923,
    "f1-score": 0.7297297297297296,
    "support": 39,
    "confused_with": {
      "deny": 4,
      "goodbye": 2
    }
  },
  "accuracy": 0.8971014492753623,
  "macro avg": {
    "precision": 0.8982931640834168,
    "recall": 0.8996346352668191,
    "f1-score": 0.8972329429416416,
    "support": 690
  },
  "weighted avg": {
    "precision": 0.8964643481546473,
    "recall": 0.8971014492753623,
    "f1-score": 0.8950364873081508,
    "support": 690
  },
  "micro avg": {
    "precision": 0.8971014492753623,
    "recall": 0.8971014492753623,
    "f1-score": 0.8971014492753623,
    "support": 690
  }
}