{
  "request_login_form": {
    "precision": 0.8666666666666667,
    "recall": 1.0,
    "f1-score": 0.9285714285714286,
    "support": 26,
    "confused_with": {}
  },
  "request_restaurants": {
    "precision": 0.8387096774193549,
    "recall": 0.896551724137931,
    "f1-score": 0.8666666666666666,
    "support": 29,
    "confused_with": {
      "out_of_scope": 2,
      "inform_date": 1
    }
  },
  "thank_you": {
    "precision": 0.8620689655172413,
    "recall": 0.8620689655172413,
    "f1-score": 0.8620689655172413,
    "support": 29,
    "confused_with": {
      "goodbye": 2,
      "bot_challenge": 1
    }
  },
  "inform_cuisine": {
    "precision": 0.9615384615384616,
    "recall": 0.8333333333333334,
    "f1-score": 0.8928571428571429,
    "support": 30,
    "confused_with": {
      "request_cuisines": 3,
      "out_of_scope": 1
    }
  },
  "stop": {
    "precision": 0.8571428571428571,
    "recall": 0.6428571428571429,
    "f1-score": 0.7346938775510204,
    "support": 28,
    "confused_with": {
      "deny": 3,
      "thank_you": 2
    }
  },
  "request_opening_hours": {
    "precision": 0.9666666666666667,
    "recall": 0.9666666666666667,
    "f1-score": 0.9666666666666667,
    "support": 30,
    "confused_with": {
      "request_menu": 1
    }
  },
  "inform_time": {
    "precision": 0.9666666666666667,
    "recall": 0.9666666666666667,
    "f1-score": 0.9666666666666667,
    "support": 30,
    "confused_with": {
      "inform_num_people": 1
    }
  },
  "logout": {
    "precision": 1.0,
    "recall": 0.95,
    "f1-score": 0.9743589743589743,
    "support": 20,
    "confused_with": {
      "request_login_form": 1
    }
  },
  "affirm": {
    "precision": 0.7948717948717948,
    "recall": 0.7948717948717948,
    "f1-score": 0.7948717948717948,
    "support": 39,
    "confused_with": {
      "request_login_form": 2,
      "deny": 2
    }
  },
  "user_wants_to_cancel_booking": {
    "precision": 1.0,
    "recall": 1.0,
    "f1-score": 1.0,
    "support": 29,
    "confused_with": {}
  },
  "goodbye": {
    "precision": 0.7407407407407407,
    "recall": 0.7142857142857143,
    "f1-score": 0.7272727272727273,
    "support": 28,
    "confused_with": {
      "affirm": 2,
      "thank_you": 2
    }
  },
  "view_bookings": {
    "precision": 0.9655172413793104,
    "recall": 0.9655172413793104,
    "f1-score": 0.9655172413793104,
    "support": 29,
    "confused_with": {
      "request_restaurants": 1
    }
  },
  "inform_date": {
    "precision": 0.967741935483871,
    "recall": 1.0,
    "f1-score": 0.9836065573770492,
    "support": 30,
    "confused_with": {}
  },
  "bot_challenge": {
    "precision": 0.6923076923076923,
    "recall": 0.9642857142857143,
    "f1-score": 0.8059701492537313,
    "support": 28,
    "confused_with": {
      "request_user_registration_form": 1
    }
  },
  "inform_num_people": {
    "precision": 0.9354838709677419,
    "recall": 0.9666666666666667,
    "f1-score": 0.9508196721311476,
    "support": 30,
    "confused_with": {
      "request_restaurants": 1
    }
  },
  "request_user_registration_form": {
    "precision": 0.9230769230769231,
    "recall": 0.8888888888888888,
    "f1-score": 0.9056603773584906,
    "support": 27,
    "confused_with": {
      "bot_challenge": 3
    }
  },
  "inform_permanent_language": {
    "precision": 0.9666666666666667,
    "recall": 1.0,
    "f1-score": 0.983050847457627,
    "support": 29,
    "confused_with": {}
  },
  "request_cuisines": {
    "precision": 0.8709677419354839,
    "recall": 0.9310344827586207,
    "f1-score": 0.9,
    "support": 29,
    "confused_with": {
      "bot_challenge": 1,
      "request_menu": 1
    }
  },
  "user_wants_to_change_restaurant_booking": {
    "precision": 1.0,
    "recall": 1.0,
    "f1-score": 1.0,
    "support": 29,
    "confused_with": {}
  },
  "request_menu": {
    "precision": 0.8709677419354839,
    "recall": 0.9,
    "f1-score": 0.8852459016393444,
    "support": 30,
    "confused_with": {
      "out_of_scope": 1,
      "request_restaurants": 1
    }
  },
  "deny": {
    "precision": 0.7307692307692307,
    "recall": 0.7037037037037037,
    "f1-score": 0.7169811320754716,
    "support": 27,
    "confused_with": {
      "affirm": 4,
      "stop": 2
    }
  },
  "request_ambiance": {
    "precision": 0.9032258064516129,
    "recall": 0.9333333333333333,
    "f1-score": 0.9180327868852459,
    "support": 30,
    "confused_with": {
      "request_menu": 1,
      "request_login_form": 1
    }
  },
  "greet": {
    "precision": 1.0,
    "recall": 0.7777777777777778,
    "f1-score": 0.8750000000000001,
    "support": 27,
    "confused_with": {
      "goodbye": 2,
      "out_of_scope": 1
    }
  },
  "out_of_scope": {
    "precision": 0.7916666666666666,
    "recall": 0.7037037037037037,
    "f1-score": 0.7450980392156864,
    "support": 27,
    "confused_with": {
      "bot_challenge": 3,
      "request_restaurants": 1
    }
  },
  "accuracy": 0.8898550724637682,
  "macro avg": {
    "precision": 0.8947276672862973,
    "recall": 0.8900922300347588,
    "f1-score": 0.8895699006572264,
    "support": 690
  },
  "weighted avg": {
    "precision": 0.8934351428963396,
    "recall": 0.8898550724637682,
    "f1-score": 0.8889056569478969,
    "support": 690
  },
  "micro avg": {
    "precision": 0.8898550724637682,
    "recall": 0.8898550724637682,
    "f1-score": 0.8898550724637682,
    "support": 690
  }
}