{
  "view_bookings": {
    "precision": 0.8787878787878788,
    "recall": 1.0,
    "f1-score": 0.9354838709677419,
    "support": 29,
    "confused_with": {}
  },
  "request_menu": {
    "precision": 0.9333333333333333,
    "recall": 0.9333333333333333,
    "f1-score": 0.9333333333333333,
    "support": 30,
    "confused_with": {
      "request_opening_hours": 1,
      "request_ambiance": 1
    }
  },
  "greet": {
    "precision": 0.9545454545454546,
    "recall": 0.7777777777777778,
    "f1-score": 0.8571428571428572,
    "support": 27,
    "confused_with": {
      "goodbye": 2,
      "view_bookings": 1
    }
  },
  "request_ambiance": {
    "precision": 0.8529411764705882,
    "recall": 0.9666666666666667,
    "f1-score": 0.90625,
    "support": 30,
    "confused_with": {
      "request_opening_hours": 1
    }
  },
  "request_cuisines": {
    "precision": 0.8666666666666667,
    "recall": 0.896551724137931,
    "f1-score": 0.8813559322033899,
    "support": 29,
    "confused_with": {
      "bot_challenge": 1,
      "inform_cuisine": 1
    }
  },
  "inform_date": {
    "precision": 0.8823529411764706,
    "recall": 1.0,
    "f1-score": 0.9375,
    "support": 30,
    "confused_with": {}
  },
  "user_wants_to_cancel_booking": {
    "precision": 0.9655172413793104,
    "recall": 0.9655172413793104,
    "f1-score": 0.9655172413793104,
    "support": 29,
    "confused_with": {
      "user_wants_to_change_restaurant_booking": 1
    }
  },
  "bot_challenge": {
    "precision": 0.8,
    "recall": 1.0,
    "f1-score": 0.888888888888889,
    "support": 28,
    "confused_with": {}
  },
  "deny": {
    "precision": 0.8260869565217391,
    "recall": 0.7037037037037037,
    "f1-score": 0.76,
    "support": 27,
    "confused_with": {
      "affirm": 3,
      "stop": 2
    }
  },
  "affirm": {
    "precision": 0.7804878048780488,
    "recall": 0.8205128205128205,
    "f1-score": 0.8,
    "support": 39,
    "confused_with": {
      "deny": 2,
      "request_login_form": 1
    }
  },
  "logout": {
    "precision": 1.0,
    "recall": 0.95,
    "f1-score": 0.9743589743589743,
    "support": 20,
    "confused_with": {
      "inform_permanent_language": 1
    }
  },
  "request_opening_hours": {
    "precision": 0.9032258064516129,
    "recall": 0.9333333333333333,
    "f1-score": 0.9180327868852459,
    "support": 30,
    "confused_with": {
      "request_ambiance": 2
    }
  },
  "inform_permanent_language": {
    "precision": 0.9354838709677419,
    "recall": 1.0,
    "f1-score": 0.9666666666666666,
    "support": 29,
    "confused_with": {}
  },
  "inform_time": {
    "precision": 0.8787878787878788,
    "recall": 0.9666666666666667,
    "f1-score": 0.9206349206349207,
    "support": 30,
    "confused_with": {
      "inform_num_people": 1
    }
  },
  "inform_num_people": {
    "precision": 0.9285714285714286,
    "recall": 0.8666666666666667,
    "f1-score": 0.896551724137931,
    "support": 30,
    "confused_with": {
      "inform_time": 3,
      "goodbye": 1
    }
  },
  "request_user_registration_form": {
    "precision": 0.9642857142857143,
    "recall": 1.0,
    "f1-score": 0.9818181818181818,
    "support": 27,
    "confused_with": {}
  },
  "stop": {
    "precision": 0.84,
    "recall": 0.75,
    "f1-score": 0.7924528301886793,
    "support": 28,
    "confused_with": {
      "affirm": 1,
      "thank_you": 1
    }
  },
  "thank_you": {
    "precision": 0.8888888888888888,
    "recall": 0.8275862068965517,
    "f1-score": 0.8571428571428572,
    "support": 29,
    "confused_with": {
      "bot_challenge": 2,
      "stop": 1
    }
  },
  "out_of_scope": {
    "precision": 1.0,
    "recall": 0.7037037037037037,
    "f1-score": 0.8260869565217391,
    "support": 27,
    "confused_with": {
      "bot_challenge": 3,
      "request_cuisines": 2
    }
  },
  "goodbye": {
    "precision": 0.6956521739130435,
    "recall": 0.5714285714285714,
    "f1-score": 0.6274509803921569,
    "support": 28,
    "confused_with": {
      "affirm": 3,
      "inform_date": 2
    }
  },
  "user_wants_to_change_restaurant_booking": {
    "precision": 0.9,
    "recall": 0.9310344827586207,
    "f1-score": 0.9152542372881356,
    "support": 29,
    "confused_with": {
      "view_bookings": 2
    }
  },
  "inform_cuisine": {
    "precision": 0.875,
    "recall": 0.9333333333333333,
    "f1-score": 0.9032258064516129,
    "support": 30,
    "confused_with": {
      "affirm": 1,
      "request_cuisines": 1
    }
  },
  "request_login_form": {
    "precision": 0.9615384615384616,
    "recall": 0.9615384615384616,
    "f1-score": 0.9615384615384616,
    "support": 26,
    "confused_with": {
      "user_wants_to_cancel_booking": 1
    }
  },
  "request_restaurants": {
    "precision": 0.9259259259259259,
    "recall": 0.8620689655172413,
    "f1-score": 0.8928571428571429,
    "support": 29,
    "confused_with": {
      "goodbye": 1,
      "inform_cuisine": 1
    }
  },
  "accuracy": 0.8884057971014493,
  "macro avg": {
    "precision": 0.8932533167954245,
    "recall": 0.8883926524731122,
    "f1-score": 0.8874810271165927,
    "support": 690
  },
  "weighted avg": {
    "precision": 0.8899323120202216,
    "recall": 0.8884057971014493,
    "f1-score": 0.8859269400004497,
    "support": 690
  },
  "micro avg": {
    "precision": 0.8884057971014493,
    "recall": 0.8884057971014493,
    "f1-score": 0.8884057971014493,
    "support": 690
  }
}