{
  "request_user_registration_form": {
    "precision": 0.9310344827586207,
    "recall": 1.0,
    "f1-score": 0.9642857142857143,
    "support": 27,
    "confused_with": {}
  },
  "user_wants_to_change_restaurant_booking": {
    "precision": 0.9666666666666667,
    "recall": 1.0,
    "f1-score": 0.983050847457627,
    "support": 29,
    "confused_with": {}
  },
  "goodbye": {
    "precision": 0.7368421052631579,
    "recall": 0.5,
    "f1-score": 0.5957446808510638,
    "support": 28,
    "confused_with": {
      "thank_you": 5,
      "bot_challenge": 2
    }
  },
  "inform_time": {
    "precision": 0.8571428571428571,
    "recall": 1.0,
    "f1-score": 0.923076923076923,
    "support": 30,
    "confused_with": {}
  },
  "request_login_form": {
    "precision": 0.8387096774193549,
    "recall": 1.0,
    "f1-score": 0.9122807017543859,
    "support": 26,
    "confused_with": {}
  },
  "greet": {
    "precision": 0.8333333333333334,
    "recall": 0.7407407407407407,
    "f1-score": 0.7843137254901961,
    "support": 27,
    "confused_with": {
      "goodbye": 2,
      "inform_time": 2
    }
  },
  "inform_cuisine": {
    "precision": 0.8928571428571429,
    "recall": 0.8333333333333334,
    "f1-score": 0.8620689655172413,
    "support": 30,
    "confused_with": {
      "request_cuisines": 3,
      "deny": 1
    }
  },
  "request_opening_hours": {
    "precision": 1.0,
    "recall": 1.0,
    "f1-score": 1.0,
    "support": 30,
    "confused_with": {}
  },
  "user_wants_to_cancel_booking": {
    "precision": 1.0,
    "recall": 1.0,
    "f1-score": 1.0,
    "support": 29,
    "confused_with": {}
  },
  "out_of_scope": {
    "precision": 0.8636363636363636,
    "recall": 0.7037037037037037,
    "f1-score": 0.7755102040816326,
    "support": 27,
    "confused_with": {
      "bot_challenge": 3,
      "request_cuisines": 1
    }
  },
  "request_cuisines": {
    "precision": 0.8125,
    "recall": 0.896551724137931,
    "f1-score": 0.8524590163934426,
    "support": 29,
    "confused_with": {
      "request_menu": 3
    }
  },
  "stop": {
    "precision": 0.8148148148148148,
    "recall": 0.7857142857142857,
    "f1-score": 0.7999999999999999,
    "support": 28,
    "confused_with": {
      "request_menu": 2,
      "bot_challenge": 1
    }
  },
  "affirm": {
    "precision": 0.9,
    "recall": 0.6923076923076923,
    "f1-score": 0.7826086956521738,
    "support": 39,
    "confused_with": {
      "stop": 2,
      "goodbye": 2
    }
  },
  "inform_permanent_language": {
    "precision": 0.9655172413793104,
    "recall": 0.9655172413793104,
    "f1-score": 0.9655172413793104,
    "support": 29,
    "confused_with": {
      "inform_cuisine": 1
    }
  },
  "deny": {
    "precision": 0.88,
    "recall": 0.8148148148148148,
    "f1-score": 0.8461538461538461,
    "support": 27,
    "confused_with": {
      "affirm": 2,
      "stop": 1
    }
  },
  "request_menu": {
    "precision": 0.84375,
    "recall": 0.9,
    "f1-score": 0.870967741935484,
    "support": 30,
    "confused_with": {
      "request_restaurants": 1,
      "inform_date": 1
    }
  },
  "bot_challenge": {
    "precision": 0.75,
    "recall": 0.9642857142857143,
    "f1-score": 0.8437499999999999,
    "support": 28,
    "confused_with": {
      "request_restaurants": 1
    }
  },
  "inform_num_people": {
    "precision": 0.9642857142857143,
    "recall": 0.9,
    "f1-score": 0.9310344827586207,
    "support": 30,
    "confused_with": {
      "inform_time": 2,
      "bot_challenge": 1
    }
  },
  "logout": {
    "precision": 1.0,
    "recall": 0.95,
    "f1-score": 0.9743589743589743,
    "support": 20,
    "confused_with": {
      "request_login_form": 1
    }
  },
  "request_restaurants": {
    "precision": 0.9285714285714286,
    "recall": 0.896551724137931,
    "f1-score": 0.912280701754386,
    "support": 29,
    "confused_with": {
      "out_of_scope": 2,
      "inform_date": 1
    }
  },
  "view_bookings": {
    "precision": 0.90625,
    "recall": 1.0,
    "f1-score": 0.9508196721311475,
    "support": 29,
    "confused_with": {}
  },
  "inform_date": {
    "precision": 0.9090909090909091,
    "recall": 1.0,
    "f1-score": 0.9523809523809523,
    "support": 30,
    "confused_with": {}
  },
  "request_ambiance": {
    "precision": 0.90625,
    "recall": 0.9666666666666667,
    "f1-score": 0.9354838709677419,
    "support": 30,
    "confused_with": {
      "request_login_form": 1
    }
  },
  "thank_you": {
    "precision": 0.8,
    "recall": 0.8275862068965517,
    "f1-score": 0.8135593220338982,
    "support": 29,
    "confused_with": {
      "view_bookings": 1,
      "bot_challenge": 1
    }
  },
  "accuracy": 0.8869565217391304,
  "macro avg": {
    "precision": 0.8875521973841533,
    "recall": 0.889073910338278,
    "f1-score": 0.8846544283506151,
    "support": 690
  },
  "weighted avg": {
    "precision": 0.8873563937550066,
    "recall": 0.8869565217391304,
    "f1-score": 0.8833833152026361,
    "support": 690
  },
  "micro avg": {
    "precision": 0.8869565217391304,
    "recall": 0.8869565217391304,
    "f1-score": 0.8869565217391304,
    "support": 690
  }
}