{
  "stop": {
    "precision": 0.8461538461538461,
    "recall": 0.7857142857142857,
    "f1-score": 0.8148148148148148,
    "support": 28,
    "confused_with": {
      "deny": 2,
      "user_wants_to_cancel_booking": 1
    }
  },
  "deny": {
    "precision": 0.7857142857142857,
    "recall": 0.7586206896551724,
    "f1-score": 0.7719298245614034,
    "support": 29,
    "confused_with": {
      "affirm": 3,
      "stop": 2
    }
  },
  "request_cuisines": {
    "precision": 0.8928571428571429,
    "recall": 0.8620689655172413,
    "f1-score": 0.8771929824561403,
    "support": 29,
    "confused_with": {
      "out_of_scope": 2,
      "request_menu": 2
    }
  },
  "out_of_scope": {
    "precision": 0.8333333333333334,
    "recall": 0.6666666666666666,
    "f1-score": 0.7407407407407408,
    "support": 30,
    "confused_with": {
      "bot_challenge": 3,
      "request_ambiance": 2
    }
  },
  "user_wants_to_cancel_booking": {
    "precision": 0.9354838709677419,
    "recall": 1.0,
    "f1-score": 0.9666666666666666,
    "support": 29,
    "confused_with": {}
  },
  "inform_cuisine": {
    "precision": 1.0,
    "recall": 0.8333333333333334,
    "f1-score": 0.9090909090909091,
    "support": 30,
    "confused_with": {
      "request_menu": 2,
      "request_cuisines": 2
    }
  },
  "inform_permanent_language": {
    "precision": 1.0,
    "recall": 1.0,
    "f1-score": 1.0,
    "support": 29,
    "confused_with": {}
  },
  "inform_num_people": {
    "precision": 0.9333333333333333,
    "recall": 0.9333333333333333,
    "f1-score": 0.9333333333333333,
    "support": 30,
    "confused_with": {
      "thank_you": 1,
      "inform_time": 1
    }
  },
  "request_login_form": {
    "precision": 0.9285714285714286,
    "recall": 1.0,
    "f1-score": 0.962962962962963,
    "support": 26,
    "confused_with": {}
  },
  "inform_date": {
    "precision": 0.9666666666666667,
    "recall": 0.9666666666666667,
    "f1-score": 0.9666666666666667,
    "support": 30,
    "confused_with": {
      "goodbye": 1
    }
  },
  "affirm": {
    "precision": 0.8421052631578947,
    "recall": 0.8205128205128205,
    "f1-score": 0.8311688311688312,
    "support": 39,
    "confused_with": {
      "deny": 2,
      "goodbye": 2
    }
  },
  "goodbye": {
    "precision": 0.6666666666666666,
    "recall": 0.6428571428571429,
    "f1-score": 0.6545454545454545,
    "support": 28,
    "confused_with": {
      "affirm": 3,
      "thank_you": 3
    }
  },
  "request_user_registration_form": {
    "precision": 0.9642857142857143,
    "recall": 1.0,
    "f1-score": 0.9818181818181818,
    "support": 27,
    "confused_with": {}
  },
  "request_opening_hours": {
    "precision": 0.967741935483871,
    "recall": 1.0,
    "f1-score": 0.9836065573770492,
    "support": 30,
    "confused_with": {}
  },
  "request_restaurants": {
    "precision": 0.9629629629629629,
    "recall": 0.896551724137931,
    "f1-score": 0.9285714285714286,
    "support": 29,
    "confused_with": {
      "out_of_scope": 1,
      "stop": 1
    }
  },
  "logout": {
    "precision": 1.0,
    "recall": 0.95,
    "f1-score": 0.9743589743589743,
    "support": 20,
    "confused_with": {
      "goodbye": 1
    }
  },
  "user_wants_to_change_restaurant_booking": {
    "precision": 0.90625,
    "recall": 1.0,
    "f1-score": 0.9508196721311475,
    "support": 29,
    "confused_with": {}
  },
  "thank_you": {
    "precision": 0.8387096774193549,
    "recall": 0.896551724137931,
    "f1-score": 0.8666666666666666,
    "support": 29,
    "confused_with": {
      "stop": 1,
      "goodbye": 1
    }
  },
  "view_bookings": {
    "precision": 0.9333333333333333,
    "recall": 0.9655172413793104,
    "f1-score": 0.9491525423728815,
    "support": 29,
    "confused_with": {
      "user_wants_to_cancel_booking": 1
    }
  },
  "inform_time": {
    "precision": 0.967741935483871,
    "recall": 1.0,
    "f1-score": 0.9836065573770492,
    "support": 30,
    "confused_with": {}
  },
  "greet": {
    "precision": 0.9166666666666666,
    "recall": 0.8148148148148148,
    "f1-score": 0.8627450980392156,
    "support": 27,
    "confused_with": {
      "view_bookings": 1,
      "bot_challenge": 1
    }
  },
  "request_menu": {
    "precision": 0.8787878787878788,
    "recall": 0.9666666666666667,
    "f1-score": 0.9206349206349207,
    "support": 30,
    "confused_with": {
      "request_ambiance": 1
    }
  },
  "bot_challenge": {
    "precision": 0.8571428571428571,
    "recall": 1.0,
    "f1-score": 0.923076923076923,
    "support": 30,
    "confused_with": {}
  },
  "request_ambiance": {
    "precision": 0.90625,
    "recall": 0.9666666666666667,
    "f1-score": 0.9354838709677419,
    "support": 30,
    "confused_with": {
      "request_login_form": 1
    }
  },
  "accuracy": 0.9038737446197992,
  "macro avg": {
    "precision": 0.9054482832912022,
    "recall": 0.9052726142524993,
    "f1-score": 0.9037356075166709,
    "support": 697
  },
  "weighted avg": {
    "precision": 0.9036780719971992,
    "recall": 0.9038737446197992,
    "f1-score": 0.9021396056461433,
    "support": 697
  },
  "micro avg": {
    "precision": 0.9038737446197992,
    "recall": 0.9038737446197992,
    "f1-score": 0.9038737446197992,
    "support": 697
  }
}