{
  "request_restaurants": {
    "precision": 0.8928571428571429,
    "recall": 0.8620689655172413,
    "f1-score": 0.8771929824561403,
    "support": 29,
    "confused_with": {
      "out_of_scope": 2,
      "goodbye": 1
    }
  },
  "bot_challenge": {
    "precision": 0.8709677419354839,
    "recall": 0.9642857142857143,
    "f1-score": 0.9152542372881356,
    "support": 28,
    "confused_with": {
      "out_of_scope": 1
    }
  },
  "view_bookings": {
    "precision": 0.90625,
    "recall": 1.0,
    "f1-score": 0.9508196721311475,
    "support": 29,
    "confused_with": {}
  },
  "logout": {
    "precision": 1.0,
    "recall": 0.95,
    "f1-score": 0.9743589743589743,
    "support": 20,
    "confused_with": {
      "request_login_form": 1
    }
  },
  "inform_permanent_language": {
    "precision": 0.9666666666666667,
    "recall": 1.0,
    "f1-score": 0.983050847457627,
    "support": 29,
    "confused_with": {}
  },
  "thank_you": {
    "precision": 0.9166666666666666,
    "recall": 0.7586206896551724,
    "f1-score": 0.830188679245283,
    "support": 29,
    "confused_with": {
      "stop": 2,
      "goodbye": 2
    }
  },
  "out_of_scope": {
    "precision": 0.7916666666666666,
    "recall": 0.7037037037037037,
    "f1-score": 0.7450980392156864,
    "support": 27,
    "confused_with": {
      "bot_challenge": 3,
      "request_ambiance": 2
    }
  },
  "inform_num_people": {
    "precision": 0.9032258064516129,
    "recall": 0.9333333333333333,
    "f1-score": 0.9180327868852459,
    "support": 30,
    "confused_with": {
      "request_restaurants": 1,
      "inform_time": 1
    }
  },
  "goodbye": {
    "precision": 0.75,
    "recall": 0.75,
    "f1-score": 0.75,
    "support": 28,
    "confused_with": {
      "thank_you": 2,
      "out_of_scope": 1
    }
  },
  "request_ambiance": {
    "precision": 0.8787878787878788,
    "recall": 0.9666666666666667,
    "f1-score": 0.9206349206349207,
    "support": 30,
    "confused_with": {
      "request_login_form": 1
    }
  },
  "request_user_registration_form": {
    "precision": 0.9642857142857143,
    "recall": 1.0,
    "f1-score": 0.9818181818181818,
    "support": 27,
    "confused_with": {}
  },
  "greet": {
    "precision": 0.88,
    "recall": 0.8148148148148148,
    "f1-score": 0.8461538461538461,
    "support": 27,
    "confused_with": {
      "view_bookings": 1,
      "user_wants_to_change_restaurant_booking": 1
    }
  },
  "request_cuisines": {
    "precision": 0.896551724137931,
    "recall": 0.896551724137931,
    "f1-score": 0.896551724137931,
    "support": 29,
    "confused_with": {
      "request_menu": 2,
      "out_of_scope": 1
    }
  },
  "request_login_form": {
    "precision": 0.896551724137931,
    "recall": 1.0,
    "f1-score": 0.9454545454545454,
    "support": 26,
    "confused_with": {}
  },
  "deny": {
    "precision": 0.8461538461538461,
    "recall": 0.8148148148148148,
    "f1-score": 0.830188679245283,
    "support": 27,
    "confused_with": {
      "affirm": 2,
      "stop": 1
    }
  },
  "request_menu": {
    "precision": 0.90625,
    "recall": 0.9666666666666667,
    "f1-score": 0.9354838709677419,
    "support": 30,
    "confused_with": {
      "request_ambiance": 1
    }
  },
  "inform_date": {
    "precision": 0.9354838709677419,
    "recall": 0.9666666666666667,
    "f1-score": 0.9508196721311476,
    "support": 30,
    "confused_with": {
      "request_menu": 1
    }
  },
  "user_wants_to_cancel_booking": {
    "precision": 1.0,
    "recall": 1.0,
    "f1-score": 1.0,
    "support": 29,
    "confused_with": {}
  },
  "stop": {
    "precision": 0.8148148148148148,
    "recall": 0.7857142857142857,
    "f1-score": 0.7999999999999999,
    "support": 28,
    "confused_with": {
      "affirm": 1,
      "deny": 1
    }
  },
  "inform_cuisine": {
    "precision": 0.9629629629629629,
    "recall": 0.8666666666666667,
    "f1-score": 0.912280701754386,
    "support": 30,
    "confused_with": {
      "affirm": 1,
      "goodbye": 1
    }
  },
  "request_opening_hours": {
    "precision": 0.9666666666666667,
    "recall": 0.9666666666666667,
    "f1-score": 0.9666666666666667,
    "support": 30,
    "confused_with": {
      "request_ambiance": 1
    }
  },
  "inform_time": {
    "precision": 0.9354838709677419,
    "recall": 0.9666666666666667,
    "f1-score": 0.9508196721311476,
    "support": 30,
    "confused_with": {
      "inform_num_people": 1
    }
  },
  "user_wants_to_change_restaurant_booking": {
    "precision": 0.9666666666666667,
    "recall": 1.0,
    "f1-score": 0.983050847457627,
    "support": 29,
    "confused_with": {}
  },
  "affirm": {
    "precision": 0.8611111111111112,
    "recall": 0.7948717948717948,
    "f1-score": 0.8266666666666667,
    "support": 39,
    "confused_with": {
      "deny": 2,
      "goodbye": 2
    }
  },
  "accuracy": 0.9043478260869565,
  "macro avg": {
    "precision": 0.9045863142877186,
    "recall": 0.9053658267020336,
    "f1-score": 0.9037744255940972,
    "support": 690
  },
  "weighted avg": {
    "precision": 0.9037715894620164,
    "recall": 0.9043478260869565,
    "f1-score": 0.9028565783124363,
    "support": 690
  },
  "micro avg": {
    "precision": 0.9043478260869565,
    "recall": 0.9043478260869565,
    "f1-score": 0.9043478260869565,
    "support": 690
  }
}