{
  "stop": {
    "precision": 0.88,
    "recall": 0.7857142857142857,
    "f1-score": 0.830188679245283,
    "support": 28,
    "confused_with": {
      "request_opening_hours": 2,
      "thank_you": 1
    }
  },
  "request_restaurants": {
    "precision": 0.9,
    "recall": 0.9310344827586207,
    "f1-score": 0.9152542372881356,
    "support": 29,
    "confused_with": {
      "out_of_scope": 1,
      "inform_date": 1
    }
  },
  "user_wants_to_change_restaurant_booking": {
    "precision": 0.9666666666666667,
    "recall": 1.0,
    "f1-score": 0.983050847457627,
    "support": 29,
    "confused_with": {}
  },
  "bot_challenge": {
    "precision": 0.84375,
    "recall": 0.9642857142857143,
    "f1-score": 0.8999999999999999,
    "support": 28,
    "confused_with": {
      "stop": 1
    }
  },
  "affirm": {
    "precision": 0.8611111111111112,
    "recall": 0.7948717948717948,
    "f1-score": 0.8266666666666667,
    "support": 39,
    "confused_with": {
      "deny": 3,
      "request_login_form": 2
    }
  },
  "inform_time": {
    "precision": 0.9666666666666667,
    "recall": 0.9666666666666667,
    "f1-score": 0.9666666666666667,
    "support": 30,
    "confused_with": {
      "inform_num_people": 1
    }
  },
  "inform_date": {
    "precision": 0.8787878787878788,
    "recall": 0.9666666666666667,
    "f1-score": 0.9206349206349207,
    "support": 30,
    "confused_with": {
      "view_bookings": 1
    }
  },
  "request_user_registration_form": {
    "precision": 0.9642857142857143,
    "recall": 1.0,
    "f1-score": 0.9818181818181818,
    "support": 27,
    "confused_with": {}
  },
  "request_login_form": {
    "precision": 0.8387096774193549,
    "recall": 1.0,
    "f1-score": 0.9122807017543859,
    "support": 26,
    "confused_with": {}
  },
  "goodbye": {
    "precision": 0.7692307692307693,
    "recall": 0.7142857142857143,
    "f1-score": 0.7407407407407408,
    "support": 28,
    "confused_with": {
      "thank_you": 4,
      "bot_challenge": 1
    }
  },
  "request_ambiance": {
    "precision": 0.9642857142857143,
    "recall": 0.9,
    "f1-score": 0.9310344827586207,
    "support": 30,
    "confused_with": {
      "request_opening_hours": 2,
      "request_login_form": 1
    }
  },
  "view_bookings": {
    "precision": 0.875,
    "recall": 0.9655172413793104,
    "f1-score": 0.9180327868852458,
    "support": 29,
    "confused_with": {
      "user_wants_to_change_restaurant_booking": 1
    }
  },
  "request_cuisines": {
    "precision": 0.896551724137931,
    "recall": 0.896551724137931,
    "f1-score": 0.896551724137931,
    "support": 29,
    "confused_with": {
      "request_menu": 2,
      "out_of_scope": 1
    }
  },
  "inform_cuisine": {
    "precision": 0.8666666666666667,
    "recall": 0.8666666666666667,
    "f1-score": 0.8666666666666667,
    "support": 30,
    "confused_with": {
      "affirm": 1,
      "goodbye": 1
    }
  },
  "request_menu": {
    "precision": 0.9,
    "recall": 0.9,
    "f1-score": 0.9,
    "support": 30,
    "confused_with": {
      "request_restaurants": 1,
      "request_opening_hours": 1
    }
  },
  "request_opening_hours": {
    "precision": 0.8571428571428571,
    "recall": 1.0,
    "f1-score": 0.923076923076923,
    "support": 30,
    "confused_with": {}
  },
  "thank_you": {
    "precision": 0.8333333333333334,
    "recall": 0.8620689655172413,
    "f1-score": 0.847457627118644,
    "support": 29,
    "confused_with": {
      "view_bookings": 1,
      "stop": 1
    }
  },
  "inform_num_people": {
    "precision": 0.9310344827586207,
    "recall": 0.9,
    "f1-score": 0.9152542372881356,
    "support": 30,
    "confused_with": {
      "affirm": 1,
      "goodbye": 1
    }
  },
  "deny": {
    "precision": 0.8148148148148148,
    "recall": 0.8148148148148148,
    "f1-score": 0.8148148148148148,
    "support": 27,
    "confused_with": {
      "affirm": 2,
      "stop": 1
    }
  },
  "greet": {
    "precision": 0.9545454545454546,
    "recall": 0.7777777777777778,
    "f1-score": 0.8571428571428572,
    "support": 27,
    "confused_with": {
      "view_bookings": 1,
      "bot_challenge": 1
    }
  },
  "out_of_scope": {
    "precision": 0.9047619047619048,
    "recall": 0.7037037037037037,
    "f1-score": 0.7916666666666667,
    "support": 27,
    "confused_with": {
      "bot_challenge": 3,
      "inform_cuisine": 2
    }
  },
  "user_wants_to_cancel_booking": {
    "precision": 1.0,
    "recall": 1.0,
    "f1-score": 1.0,
    "support": 29,
    "confused_with": {}
  },
  "inform_permanent_language": {
    "precision": 1.0,
    "recall": 1.0,
    "f1-score": 1.0,
    "support": 29,
    "confused_with": {}
  },
  "logout": {
    "precision": 1.0,
    "recall": 0.9,
    "f1-score": 0.9473684210526316,
    "support": 20,
    "confused_with": {
      "request_login_form": 2
    }
  },
  "accuracy": 0.9,
  "macro avg": {
    "precision": 0.9028060598589774,
    "recall": 0.9004427591352878,
    "f1-score": 0.8994320354117393,
    "support": 690
  },
  "weighted avg": {
    "precision": 0.9015112861753091,
    "recall": 0.9,
    "f1-score": 0.89865177515177,
    "support": 690
  },
  "micro avg": {
    "precision": 0.9,
    "recall": 0.9,
    "f1-score": 0.9,
    "support": 690
  }
}