{
  "inform_permanent_language": {
    "precision": 1.0,
    "recall": 1.0,
    "f1-score": 1.0,
    "support": 29,
    "confused_with": {}
  },
  "view_bookings": {
    "precision": 0.9032258064516129,
    "recall": 0.9655172413793104,
    "f1-score": 0.9333333333333333,
    "support": 29,
    "confused_with": {
      "user_wants_to_change_restaurant_booking": 1
    }
  },
  "user_wants_to_cancel_booking": {
    "precision": 0.9354838709677419,
    "recall": 1.0,
    "f1-score": 0.9666666666666666,
    "support": 29,
    "confused_with": {}
  },
  "inform_time": {
    "precision": 0.9666666666666667,
    "recall": 0.9666666666666667,
    "f1-score": 0.9666666666666667,
    "support": 30,
    "confused_with": {
      "inform_num_people": 1
    }
  },
  "user_wants_to_change_restaurant_booking": {
    "precision": 0.9354838709677419,
    "recall": 1.0,
    "f1-score": 0.9666666666666666,
    "support": 29,
    "confused_with": {}
  },
  "stop": {
    "precision": 0.6470588235294118,
    "recall": 0.7857142857142857,
    "f1-score": 0.7096774193548386,
    "support": 28,
    "confused_with": {
      "user_wants_to_cancel_booking": 1,
      "thank_you": 1
    }
  },
  "affirm": {
    "precision": 0.8571428571428571,
    "recall": 0.7692307692307693,
    "f1-score": 0.8108108108108107,
    "support": 39,
    "confused_with": {
      "deny": 2,
      "goodbye": 2
    }
  },
  "bot_challenge": {
    "precision": 0.875,
    "recall": 1.0,
    "f1-score": 0.9333333333333333,
    "support": 28,
    "confused_with": {}
  },
  "request_restaurants": {
    "precision": 0.8571428571428571,
    "recall": 0.8275862068965517,
    "f1-score": 0.8421052631578947,
    "support": 29,
    "confused_with": {
      "out_of_scope": 2,
      "inform_date": 1
    }
  },
  "request_cuisines": {
    "precision": 0.8387096774193549,
    "recall": 0.896551724137931,
    "f1-score": 0.8666666666666666,
    "support": 29,
    "confused_with": {
      "request_restaurants": 2,
      "request_menu": 1
    }
  },
  "thank_you": {
    "precision": 0.9259259259259259,
    "recall": 0.8620689655172413,
    "f1-score": 0.8928571428571429,
    "support": 29,
    "confused_with": {
      "view_bookings": 1,
      "user_wants_to_cancel_booking": 1
    }
  },
  "request_opening_hours": {
    "precision": 0.9032258064516129,
    "recall": 0.9333333333333333,
    "f1-score": 0.9180327868852459,
    "support": 30,
    "confused_with": {
      "request_ambiance": 2
    }
  },
  "goodbye": {
    "precision": 0.8333333333333334,
    "recall": 0.7142857142857143,
    "f1-score": 0.7692307692307692,
    "support": 28,
    "confused_with": {
      "out_of_scope": 1,
      "request_restaurants": 1
    }
  },
  "greet": {
    "precision": 0.9583333333333334,
    "recall": 0.8518518518518519,
    "f1-score": 0.9019607843137256,
    "support": 27,
    "confused_with": {
      "view_bookings": 1,
      "stop": 1
    }
  },
  "request_login_form": {
    "precision": 0.8666666666666667,
    "recall": 1.0,
    "f1-score": 0.9285714285714286,
    "support": 26,
    "confused_with": {}
  },
  "inform_date": {
    "precision": 0.9655172413793104,
    "recall": 0.9333333333333333,
    "f1-score": 0.9491525423728815,
    "support": 30,
    "confused_with": {
      "inform_cuisine": 1,
      "request_menu": 1
    }
  },
  "inform_cuisine": {
    "precision": 0.9166666666666666,
    "recall": 0.7333333333333333,
    "f1-score": 0.8148148148148148,
    "support": 30,
    "confused_with": {
      "request_cuisines": 4,
      "affirm": 1
    }
  },
  "inform_num_people": {
    "precision": 0.9354838709677419,
    "recall": 0.9666666666666667,
    "f1-score": 0.9508196721311476,
    "support": 30,
    "confused_with": {
      "request_restaurants": 1
    }
  },
  "request_ambiance": {
    "precision": 0.8181818181818182,
    "recall": 0.9,
    "f1-score": 0.8571428571428572,
    "support": 30,
    "confused_with": {
      "request_opening_hours": 1,
      "request_menu": 1
    }
  },
  "out_of_scope": {
    "precision": 0.8461538461538461,
    "recall": 0.8148148148148148,
    "f1-score": 0.830188679245283,
    "support": 27,
    "confused_with": {
      "bot_challenge": 2,
      "inform_cuisine": 1
    }
  },
  "request_user_registration_form": {
    "precision": 0.9642857142857143,
    "recall": 1.0,
    "f1-score": 0.9818181818181818,
    "support": 27,
    "confused_with": {}
  },
  "request_menu": {
    "precision": 0.875,
    "recall": 0.9333333333333333,
    "f1-score": 0.9032258064516129,
    "support": 30,
    "confused_with": {
      "out_of_scope": 1,
      "request_ambiance": 1
    }
  },
  "logout": {
    "precision": 1.0,
    "recall": 0.95,
    "f1-score": 0.9743589743589743,
    "support": 20,
    "confused_with": {
      "request_login_form": 1
    }
  },
  "deny": {
    "precision": 0.8,
    "recall": 0.5925925925925926,
    "f1-score": 0.6808510638297872,
    "support": 27,
    "confused_with": {
      "stop": 7,
      "affirm": 3
    }
  },
  "accuracy": 0.8898550724637682,
  "macro avg": {
    "precision": 0.8926953605680922,
    "recall": 0.8915367013786554,
    "f1-score": 0.8895396804450305,
    "support": 690
  },
  "weighted avg": {
    "precision": 0.8915582661633711,
    "recall": 0.8898550724637682,
    "f1-score": 0.8881605171725168,
    "support": 690
  },
  "micro avg": {
    "precision": 0.8898550724637682,
    "recall": 0.8898550724637682,
    "f1-score": 0.8898550724637682,
    "support": 690
  }
}